Steps,Policy/Entropy,Environment/Episode Length,Policy/Extrinsic Value Estimate,Environment/Cumulative Reward,Policy/Extrinsic Reward,High Score,Losses/Value Loss,Losses/Policy Loss,Policy/Learning Rate,Is Training
10000,0.6348564,14.423913043478262,-0.36465994,-0.9122670713048544,-0.9122670713048544,12.0,0.13034512,0.06305399,0.0002999691,1.0
20000,0.39165694,36.2593984962406,-0.74947584,-0.9128301781584631,-0.9128301781584631,None,0.016420763,0.06673436,0.00029991288,1.0
30000,0.20080031,71.86923076923077,-0.6483424,-0.9146153764655957,-0.9146153764655957,None,0.014506389,0.068490095,0.00029985092,1.0
40000,0.09282467,105.0989010989011,-0.5631798,-0.9219780159848077,-0.9219780159848077,None,0.013357651,0.071667954,0.00029978857,1.0
50000,0.058608085,120.375,-0.54199684,-0.9320987594532378,-0.9320987594532378,None,0.0117338,0.07187276,0.00029973162,1.0
60000,0.051956445,166.24074074074073,-0.46950027,-0.9037735800979272,-0.9037735800979272,None,0.013742839,0.0702126,0.00029967463,1.0
70000,0.048591726,223.375,-0.37927687,-0.8183673399747634,-0.8183673399747634,None,0.0152603,0.07045306,0.00029961223,1.0
80000,0.04418652,184.64102564102564,-0.3337362,-0.8564102473931435,-0.8564102473931435,None,0.014388855,0.06447464,0.0002995493,1.0
90000,0.03753267,287.68,-0.24115658,-0.74799998909235,-0.74799998909235,15.0,0.011709949,0.070532136,0.000299487,1.0
100000,0.037200365,629.6923076923077,-0.14186473,-0.3384615217263882,-0.3384615217263882,22.0,0.0054901727,0.06696598,0.00029943069,1.0
110000,0.034787238,695.6923076923077,-0.081732236,-0.19230766995595053,-0.19230766995595053,26.0,0.010827534,0.06794329,0.00029937498,1.0
120000,0.03666318,1146.5,-0.033705644,0.3250000337138772,0.3250000337138772,30.0,0.0054253517,0.065364294,0.000299312,1.0
130000,0.03297048,719.3076923076923,-0.0132761225,-0.19230767167531526,-0.19230767167531526,None,0.009172995,0.07063372,0.00029924954,1.0
140000,0.033957534,880.4545454545455,0.0014226382,2.302906729958274e-08,2.302906729958274e-08,None,0.0069087036,0.06874818,0.00029918668,1.0
150000,0.036861572,694.8,0.009911217,-0.289999982714653,-0.289999982714653,36.0,0.008150554,0.06574184,0.00029913045,1.0
160000,0.031354632,948.0,0.011336913,0.05000002682209015,0.05000002682209015,42.0,0.0032608535,0.06833915,0.0002990737,1.0
170000,0.03224197,1434.111111111111,0.029152388,0.6777778151962492,0.6777778151962492,50.0,0.006741376,0.06731665,0.00029901086,1.0
180000,0.031235442,1189.0,0.04672515,0.30000003054738045,0.30000003054738045,57.0,0.0026127524,0.06517853,0.00029894809,1.0
190000,0.031387277,1547.8333333333333,0.069798246,0.7833333673576514,0.7833333673576514,64.0,0.003272689,0.07141045,0.0002988912,1.0
200000,0.033563785,1871.7142857142858,0.06568398,1.1714286133646965,1.1714286133646965,72.0,0.007524582,0.07700548,0.0002988347,1.0
210000,0.03334587,1404.125,0.058269076,0.5875000292435288,0.5875000292435288,None,0.006317778,0.06163106,0.00029877195,1.0
220000,0.030768363,2003.2,0.04228762,1.2800000339746476,1.2800000339746476,None,0.005162822,0.0710158,0.0002987094,1.0
230000,0.03252161,1250.5,0.06406849,-0.03333331892887751,-0.03333331892887751,None,0.001541857,0.067281485,0.00029864657,1.0
240000,0.030544363,1526.6153846153845,0.0318314,0.8214286001665252,0.8214286001665252,None,0.0131092975,0.072371185,0.0002985904,1.0
250000,0.030309107,674.0,0.036774892,-0.19999996572732925,-0.19999996572732925,77.0,0.0019121341,0.062152095,0.00029853324,1.0
260000,0.030748291,4943.0,0.07359648,5.200000114738941,5.200000114738941,85.0,0.0008225994,0.078828916,0.00029846962,1.0
270000,0.029350098,1635.6,0.083130464,0.7800000309944153,0.7800000309944153,92.0,0.0041947532,0.06514586,0.00029840646,1.0
280000,0.031661358,2042.6666666666667,0.082148045,1.3666667093833287,1.3666667093833287,99.0,0.0024561863,0.06832266,0.00029834974,1.0
290000,0.030294234,1996.6,0.081320256,1.3200000390410422,1.3200000390410422,106.0,0.0036055674,0.06828258,0.0002982927,1.0
300000,0.03197888,2133.0,0.09284153,1.4333333844939868,1.4333333844939868,114.0,0.0030831827,0.06718489,0.00029822916,1.0
310000,0.032638814,1362.0,0.09195934,0.5000000223517418,0.5000000223517418,121.0,0.0021599564,0.06803994,0.00029816612,1.0
320000,0.028370084,3187.25,0.08820071,2.75000006146729,2.75000006146729,129.0,0.005048691,0.06866535,0.0002981095,1.0
330000,0.02990161,None,0.094758466,None,None,138.0,7.4663534e-05,0.071694836,0.00029805247,1.0
340000,0.030615335,2638.0,0.1066978,2.100000061094761,2.100000061094761,146.0,0.0017798556,0.06748033,0.0002979893,1.0
350000,0.029103221,2830.6666666666665,0.09095414,2.233333388964335,2.233333388964335,154.0,0.0041421815,0.06790705,0.00029792637,1.0
360000,0.03118903,1265.0,0.09276427,0.5000000223517418,0.5000000223517418,161.0,0.0014802507,0.071772344,0.00029786967,1.0
370000,0.030808352,None,0.10316389,None,None,169.0,6.911367e-05,0.06863649,0.00029781266,1.0
380000,0.02820326,14190.0,0.10789201,16.30000028014183,16.30000028014183,173.0,0.0010144708,0.065155864,0.00029774936,1.0
390000,0.029286133,6147.5,0.108247235,10.40000019222498,10.40000019222498,None,0.0009459796,0.06485985,0.00029768614,1.0
400000,0.029187892,None,0.10125063,2.1000000461935997,2.1000000461935997,None,0.0013541939,0.069852926,0.00029762933,1.0
410000,0.030334683,5678.0,0.10714017,5.800000123679638,5.800000123679638,None,0.00085573347,0.06704984,0.00029757206,1.0
420000,0.024210265,4134.166666666667,0.077697076,3.8000000715255737,3.8000000715255737,None,0.006369567,0.06362956,0.00029750902,1.0
430000,0.029651845,3992.5,0.082338385,3.8500000834465027,3.8500000834465027,None,0.0018199908,0.06786995,0.00029744598,1.0
440000,0.02788059,5651.714285714285,0.09161414,5.671428680419922,5.671428680419922,None,0.0061950088,0.0656588,0.0002973893,1.0
450000,0.02872416,1369.5,0.07675077,0.4500000327825546,0.4500000327825546,None,0.0027329354,0.06925568,0.0002973324,1.0
460000,0.030809823,1096.0,0.08486658,0.20000001788139343,0.20000001788139343,None,0.0007873267,0.067275524,0.00029726888,1.0
470000,0.033015583,3527.0,0.10096279,3.1000000834465027,3.1000000834465027,None,0.000642455,0.06559789,0.00029720544,1.0
480000,0.027743472,None,0.112536415,None,None,None,5.7457524e-05,0.06788037,0.00029714845,1.0
490000,0.029171716,3943.0,0.11429652,3.9000000953674316,3.9000000953674316,None,0.0010148267,0.06732593,0.00029709152,1.0
500000,0.027127052,None,0.10843003,None,None,175.0,7.5163814e-05,0.0690106,0.0002970282,1.0
510000,0.03141437,None,0.11277523,None,None,183.0,6.302292e-05,0.068864144,0.00029697118,1.0
520000,0.026414536,4940.0,0.11394242,5.000000089406967,5.000000089406967,190.0,0.00094844477,0.06987164,0.00029691405,1.0
530000,0.028543774,None,0.11818189,None,None,197.0,5.5757177e-05,0.06634936,0.00029685005,1.0
540000,0.02666299,7957.25,0.11797695,8.475000152364373,8.475000152364373,206.0,0.0039293147,0.067910604,0.0002967863,1.0
550000,0.028957883,None,0.10223466,None,None,213.0,0.00010449127,0.06399928,0.00029672933,1.0
560000,0.026958138,None,0.11007553,None,None,221.0,5.1509793e-05,0.06839151,0.00029667202,1.0
570000,0.028337296,7867.0,0.11415347,8.900000169873238,8.900000169873238,229.0,0.0010027422,0.07515313,0.0002966087,1.0
580000,0.028377859,10270.0,0.11333597,11.200000181794167,11.200000181794167,237.0,0.0011727834,0.06418373,0.0002965454,1.0
590000,0.026793959,9860.0,0.1100408,11.100000195205212,11.100000195205212,242.0,0.0035839258,0.06807338,0.00029648855,1.0
600000,0.026946373,9882.5,0.09750012,10.450000181794167,10.450000181794167,None,0.0019440157,0.06624811,0.00029643177,1.0
610000,0.028005736,462.0,0.10740557,-0.3999999687075615,-0.3999999687075615,None,0.0008511393,0.066737995,0.00029636855,1.0
620000,0.030483047,None,0.113745965,None,None,None,5.1440642e-05,0.07523073,0.00029631122,1.0
630000,0.031072,None,0.119148545,None,None,None,5.7005847e-05,0.065556765,0.00029625362,1.0
640000,0.0267963,11135.0,0.11217701,13.100000254809856,13.100000254809856,None,0.0009949587,0.07255971,0.00029618986,1.0
650000,0.026417289,3991.3333333333335,0.108743034,6.900000117719173,6.900000117719173,249.0,0.0012639815,0.06571236,0.00029612618,1.0
660000,0.02853845,None,0.09938801,2.500000074505806,2.500000074505806,256.0,0.0022890214,0.067145884,0.00029606937,1.0
670000,0.031104816,8060.0,0.10181711,8.600000187754631,8.600000187754631,264.0,0.0009621461,0.06831084,0.00029601174,1.0
680000,0.029557647,None,0.10492475,None,None,272.0,6.1878905e-05,0.06590476,0.00029594792,1.0
690000,0.028475622,2459.6666666666665,0.09202029,1.9333333919445674,1.9333333919445674,279.0,0.0035730328,0.06761619,0.00029589082,1.0
700000,0.026982341,668.0,0.096129835,-0.09999996423721313,-0.09999996423721313,287.0,0.0009423569,0.067436844,0.0002958338,1.0
710000,0.027576163,7341.0,0.104999125,8.300000160932541,8.300000160932541,294.0,0.0009811687,0.0680828,0.00029577056,1.0
720000,0.026590938,None,0.10552292,None,None,302.0,5.1396695e-05,0.06528816,0.00029570697,1.0
730000,0.02931243,8869.42857142857,0.07837466,9.442857301660947,9.442857301660947,303.0,0.008483457,0.065696955,0.00029564986,1.0
740000,0.027962293,12256.666666666666,0.05727106,13.833333561817804,13.833333561817804,None,0.0022278954,0.07040955,0.00029559332,1.0
750000,0.029724894,None,0.07452281,None,None,None,0.0007637187,0.07233359,0.00029553002,1.0
760000,0.030546473,None,0.095543385,None,None,None,6.4922395e-05,0.074194096,0.0002954665,1.0
770000,0.029323261,2501.5,0.10266444,2.0500000678002834,2.0500000678002834,None,0.0013669367,0.069176346,0.00029540935,1.0
780000,0.028730633,None,0.1079619,None,None,None,6.691376e-05,0.06755419,0.00029535245,1.0
790000,0.027766863,3484.0,0.11776845,3.300000086426735,3.300000086426735,None,0.000969459,0.06195139,0.0002952893,1.0
800000,0.027671652,13468.5,0.114434354,15.250000264495611,15.250000264495611,None,0.0018274011,0.06816247,0.00029522594,1.0
810000,0.027926749,4799.0,0.115121424,4.700000107288361,4.700000107288361,None,6.0417042e-05,0.066313095,0.00029516895,1.0
820000,0.027173448,5608.0,0.11025691,5.800000123679638,5.800000123679638,None,0.0018753142,0.070152536,0.00029511197,1.0
830000,0.028969897,None,0.10937229,None,None,None,5.0594226e-05,0.07056637,0.0002950487,1.0
840000,0.028219467,None,0.11528881,None,None,None,5.50578e-05,0.06470063,0.00029499142,1.0
850000,0.029478142,None,0.116250254,None,None,None,6.311587e-05,0.06392936,0.00029493388,1.0
860000,0.029630724,7337.5,0.1165249,7.80000015348196,7.80000015348196,None,0.0018998596,0.06711909,0.00029487035,1.0
870000,0.026046118,4736.333333333333,0.111187294,4.633333432177703,4.633333432177703,None,0.0021051245,0.065230004,0.0002948072,1.0
880000,0.03127541,None,0.11061952,None,None,310.0,7.8450095e-05,0.06077258,0.00029475038,1.0
890000,0.027092174,None,0.115023,None,None,317.0,6.357995e-05,0.062680885,0.00029469337,1.0
900000,0.027540501,2805.5,0.111555174,2.450000062584877,2.450000062584877,324.0,0.0020018811,0.06528119,0.00029463027,1.0
910000,0.0280151,None,0.10578647,None,None,332.0,5.5965356e-05,0.06274475,0.00029456714,1.0
920000,0.027716264,9340.0,0.1123781,10.500000216066837,10.500000216066837,338.0,0.001121185,0.0683102,0.00029451013,1.0
930000,0.027286619,28753.0,0.11634467,33.40000053495169,33.40000053495169,344.0,0.0008631231,0.07113144,0.00029445277,1.0
940000,0.026462158,None,0.11396379,None,None,None,4.4406992e-05,0.06676825,0.00029438888,1.0
950000,0.02784582,12358.0,0.11902094,13.600000239908695,13.600000239908695,None,0.001196669,0.07613044,0.00029433062,1.0
960000,0.029706141,98.0,0.11253475,-1.0,-1.0,None,0.0021669522,0.06851257,0.0002942732,1.0
970000,0.030107213,15010.0,0.11524769,17.000000290572643,17.000000290572643,346.0,0.00096782687,0.063706644,0.00029420946,1.0
980000,0.027593635,15127.666666666666,0.1170034,17.26666694631179,17.26666694631179,349.0,0.0026253108,0.06635956,0.00029414642,1.0
990000,0.027601395,4295.0,0.11516673,3.8000000715255737,3.8000000715255737,None,0.0010086041,0.06644371,0.00029409,1.0
1000000,0.028212538,1758.0,0.110575005,1.2000000551342964,1.2000000551342964,None,0.0009984036,0.069197826,0.00029403323,1.0
1010000,0.026731929,26036.0,0.110641554,30.800000473856926,30.800000473856926,None,0.0011588003,0.06475894,0.00029396993,1.0
1020000,0.026745187,None,0.11170243,None,None,None,8.146755e-05,0.06814652,0.0002939066,1.0
1030000,0.02928719,2018.5,0.10654079,1.4000000469386578,1.4000000469386578,None,0.0025986528,0.06447793,0.0002938495,1.0
1040000,0.029141314,16094.5,0.10745645,18.60000030323863,18.60000030323863,None,0.0017682981,0.06559282,0.00029379284,1.0
1050000,0.026626183,7532.0,0.103962064,8.100000146776438,8.100000146776438,None,0.0017163362,0.06608201,0.00029372968,1.0
1060000,0.030351918,4989.0,0.101666376,4.900000132620335,4.900000132620335,None,0.00093590526,0.070657775,0.00029366644,1.0
1070000,0.02821877,15626.5,0.10192465,17.500000286847353,17.500000286847353,None,0.0011751397,0.06666531,0.00029360945,1.0
1080000,0.030031303,None,0.106541,None,None,None,0.00118074,0.06560227,0.0002935524,1.0
1090000,0.028076157,None,0.10706248,None,None,None,6.8297166e-05,0.06998086,0.00029348888,1.0
1100000,0.030242084,2969.0,0.11122364,2.500000085681677,2.500000085681677,None,0.0021240523,0.068252586,0.00029342558,1.0
1110000,0.029139796,None,0.1080372,None,None,None,6.81722e-05,0.066235125,0.00029336856,1.0
1120000,0.027657587,5574.666666666667,0.10900476,5.666666773458322,5.666666773458322,None,0.0009381652,0.070025384,0.00029331155,1.0
1130000,0.027107706,12048.0,0.097389944,13.300000213086605,13.300000213086605,None,0.0031827681,0.06856236,0.00029324816,1.0
1140000,0.03236325,12196.5,0.106497586,13.400000225752592,13.400000225752592,None,0.000887524,0.06819723,0.00029319088,1.0
1150000,0.028063113,5572.666666666667,0.09409746,5.666666766007741,5.666666766007741,None,0.0048577297,0.060344517,0.0002931347,1.0
1160000,0.027950406,None,0.09941717,None,None,None,5.411714e-05,0.074074626,0.0002930714,1.0
1170000,0.027088627,7836.666666666667,0.103550754,8.466666822632154,8.466666822632154,None,0.002216591,0.058270775,0.00029300846,1.0
1180000,0.026909517,10347.0,0.09208498,11.700000189244747,11.700000189244747,None,0.0022409095,0.069103785,0.00029294548,1.0
1190000,0.030274238,None,0.09661416,None,None,None,4.598823e-05,0.06511625,0.00029288852,1.0
1200000,0.027463548,None,0.10747851,None,None,None,6.161386e-05,0.06561538,0.00029283104,1.0
1210000,0.028075246,3131.0,0.11061782,2.600000075995922,2.600000075995922,None,0.0018388692,0.0671802,0.0002927676,1.0
1220000,0.025745196,10453.0,0.11008626,11.500000208616257,11.500000208616257,None,0.0011289197,0.065594845,0.000292711,1.0
1230000,0.030411536,None,0.11666719,None,None,None,5.997019e-05,0.07001403,0.000292654,1.0
1240000,0.025174033,3930.0,0.119362324,3.5000000670552254,3.5000000670552254,None,0.0011401467,0.0712426,0.0002925907,1.0
1250000,0.02790528,1889.5,0.11011916,1.2500000391155481,1.2500000391155481,None,0.00347695,0.06318153,0.00029252763,1.0
1260000,0.025013728,10079.0,0.100609824,11.200000181794167,11.200000181794167,None,0.0014335727,0.059779808,0.0002924709,1.0
1270000,0.025324602,1740.0,0.09841741,0.8000000491738319,0.8000000491738319,None,0.0007922767,0.06457196,0.0002924141,1.0
1280000,0.025708716,1210.0,0.10200595,0.4500000327825546,0.4500000327825546,None,0.0019198367,0.07302921,0.00029235115,1.0
1290000,0.027043978,10329.0,0.09815956,11.850000202655792,11.850000202655792,None,0.0021334742,0.07536126,0.00029228808,1.0
1300000,0.026185602,6967.777777777777,0.07960335,7.211111235949728,7.211111235949728,None,0.010226092,0.06164103,0.0002922314,1.0
1310000,0.028389424,5999.0,0.08081268,5.600000098347664,5.600000098347664,None,0.0011633384,0.065163895,0.00029217434,1.0
1320000,0.029430874,2055.0,0.0905926,1.4000000357627869,1.4000000357627869,None,0.0007580723,0.07027746,0.00029211087,1.0
1330000,0.028863851,None,0.10173858,None,None,None,6.911774e-05,0.06869568,0.00029204777,1.0
1340000,0.027740153,None,0.11329153,None,None,None,5.7435784e-05,0.06884851,0.00029199073,1.0
1350000,0.026571834,None,0.11524424,None,None,None,5.6728557e-05,0.07714817,0.0002919337,1.0
1360000,0.027517805,3831.0,0.11520711,3.8000001162290573,3.8000001162290573,None,0.001011152,0.06831723,0.00029187035,1.0
1370000,0.027901953,3979.0,0.10478743,4.050000097602606,4.050000097602606,None,0.001859483,0.069850355,0.00029180717,1.0
1380000,0.026369836,6185.0,0.09728659,6.300000108778477,6.300000108778477,None,0.001394516,0.07204508,0.00029174992,1.0
1390000,0.027887778,None,0.10338333,None,None,None,6.239943e-05,0.07569963,0.00029169297,1.0
1400000,0.029157931,1101.0,0.11194335,0.40000004321336746,0.40000004321336746,None,0.0008556704,0.07293635,0.00029162978,1.0
1410000,0.029813759,None,0.11884918,None,None,None,6.0321065e-05,0.06746366,0.00029156654,1.0
1420000,0.027938444,7661.0,0.117168404,8.100000157952309,8.100000157952309,None,0.0012003992,0.061332725,0.0002915096,1.0
1430000,0.028344626,9511.0,0.10960542,10.566666853924593,10.566666853924593,None,0.0020465748,0.06498373,0.000291452,1.0
1440000,0.026865315,None,0.10630749,None,None,None,7.292931e-05,0.07510747,0.00029138816,1.0
1450000,0.028234009,18567.0,0.1092402,21.600000336766243,21.600000336766243,None,0.00093167013,0.07155019,0.0002913311,1.0
1460000,0.025178125,None,0.112055756,None,None,None,6.399969e-05,0.06940835,0.000291274,1.0
1470000,0.02922148,14322.0,0.104573496,16.50000026077032,16.50000026077032,None,0.002311596,0.07524423,0.00029121008,1.0
1480000,0.02621387,11569.0,0.097101554,12.70000022649765,12.70000022649765,None,0.0009397178,0.06602174,0.00029114675,1.0
1490000,0.028584931,None,0.099509,None,None,None,5.101832e-05,0.06700443,0.0002910898,1.0
1500000,0.027220879,8060.0,0.11039587,8.500000186264515,8.500000186264515,None,0.0009522818,0.07068187,0.00029103277,1.0
1510000,0.02452321,4854.0,0.115782104,4.4000000804662704,4.4000000804662704,None,0.0011706831,0.0677652,0.00029096944,1.0
1520000,0.027622918,7453.5,0.1191829,7.8500001430511475,7.8500001430511475,None,0.002068988,0.06947466,0.0002909062,1.0
1530000,0.024819203,None,0.11641125,None,None,None,6.0202277e-05,0.07385728,0.0002908488,1.0
1540000,0.024704829,12263.5,0.109794796,13.450000237673521,13.450000237673521,None,0.001912063,0.06888806,0.00029079156,1.0
1550000,0.028633237,None,0.116418056,None,None,None,5.930661e-05,0.061721038,0.000290728,1.0
1560000,0.026321033,4596.0,0.106962435,4.700000129640102,4.700000129640102,None,0.0011638508,0.06623063,0.0002906709,1.0
1570000,0.027536113,None,0.11357398,None,None,None,5.1853443e-05,0.06254431,0.00029061385,1.0
1580000,0.028545069,4491.5,0.11528204,4.5500000938773155,4.5500000938773155,None,0.0015903998,0.0665684,0.00029055082,1.0
1590000,0.024499476,18403.0,0.102721676,21.600000359117985,21.600000359117985,None,0.0009684699,0.07255334,0.00029048778,1.0
1600000,0.026629556,8480.0,0.10433455,8.900000169873238,8.900000169873238,None,4.080884e-05,0.06891872,0.0002904309,1.0
1610000,0.026605185,None,0.10291755,None,None,None,0.0009142246,0.07106396,0.00029037407,1.0
1620000,0.024777822,None,0.10668684,None,None,None,6.227314e-05,0.068147525,0.0002903107,1.0
1630000,0.025739994,9888.333333333334,0.107373565,10.800000183284283,10.800000183284283,None,0.0029301255,0.064331844,0.00029024764,1.0
1640000,0.025201779,None,0.10227461,None,None,None,3.776187e-05,0.08268998,0.00029019077,1.0
1650000,0.028771585,None,0.111679986,None,None,None,5.7612615e-05,0.0736333,0.00029013347,1.0
1660000,0.031024182,None,0.11179645,None,None,None,7.111991e-05,0.070908464,0.0002900701,1.0
1670000,0.027313665,26325.0,0.11587199,31.0000004991889,31.0000004991889,None,0.00096376054,0.063389465,0.0002900068,1.0
1680000,0.029408459,None,0.11775868,None,None,None,7.3642586e-05,0.06958445,0.00028994997,1.0
1690000,0.025887392,18307.0,0.11722613,20.70000034570694,20.70000034570694,None,0.00044122353,0.06276171,0.0002898931,1.0
1700000,0.024434445,4264.0,0.115976736,4.20000009983778,4.20000009983778,None,0.001133683,0.075135596,0.0002898297,1.0
1710000,0.02790405,1171.0,0.10792833,0.30000001937150955,0.30000001937150955,None,0.0010686277,0.07153194,0.00028976653,1.0
1720000,0.026693411,8985.0,0.1062366,10.000000186264515,10.000000186264515,None,5.629331e-05,0.06607649,0.0002897096,1.0
1730000,0.028092781,18139.0,0.10682493,21.600000359117985,21.600000359117985,None,0.0017910199,0.0669414,0.000289653,1.0
1740000,0.026192257,14829.0,0.11247512,16.600000262260437,16.600000262260437,None,0.0011869365,0.066764295,0.0002895897,1.0
1750000,0.030302607,None,0.10293388,None,None,None,6.689459e-05,0.059387036,0.00028952633,1.0
1760000,0.028819952,None,0.11176168,None,None,None,5.7196434e-05,0.07207442,0.00028946897,1.0
1770000,0.02696163,6250.0,0.1177686,6.500000134110451,6.500000134110451,354.0,0.0009808018,0.07176668,0.00028941198,1.0
1780000,0.029869864,8154.5,0.11458089,8.950000159442425,8.950000159442425,362.0,0.0017815474,0.06652413,0.000289349,1.0
1790000,0.027630584,None,0.11710402,None,None,369.0,4.688847e-05,0.064646706,0.00028928582,1.0
1800000,0.027934024,None,0.11958902,None,None,377.0,5.3006584e-05,0.06878297,0.0002892288,1.0
1810000,0.027803943,None,0.12065501,None,None,384.0,6.206551e-05,0.072059035,0.00028917176,1.0
1820000,0.029987065,20065.5,0.11951589,23.00000037997961,23.00000037997961,392.0,0.0018055787,0.06387343,0.00028910855,1.0
1830000,0.027697371,20058.0,0.11431438,22.800000376999378,22.800000376999378,399.0,0.00095621607,0.06635126,0.00028904545,1.0
1840000,0.028177608,None,0.113708384,None,None,407.0,6.693093e-05,0.07370303,0.0002889886,1.0
1850000,0.026816374,None,0.11565598,None,None,414.0,6.6118846e-05,0.064849004,0.0002889314,1.0
1860000,0.025183488,None,0.11540291,None,None,421.0,6.903405e-05,0.06250475,0.00028886783,1.0
1870000,0.025790017,4464.0,0.11477806,4.100000087171793,4.100000087171793,429.0,0.002207921,0.0693613,0.0002888111,1.0
1880000,0.03039016,12530.0,0.10630857,13.900000233203173,13.900000233203173,436.0,0.002285074,0.068970904,0.00028875444,1.0
1890000,0.027300749,26724.0,0.110122874,31.100000500679016,31.100000500679016,444.0,0.0009802807,0.06545071,0.0002886912,1.0
1900000,0.027114041,None,0.10993911,None,None,451.0,4.9482012e-05,0.06736092,0.00028862755,1.0
1910000,0.025865316,None,0.1121891,None,None,459.0,5.8168407e-05,0.068297386,0.00028857053,1.0
1920000,0.025941446,10126.0,0.107187524,11.250000204890966,11.250000204890966,466.0,0.0018609501,0.060769416,0.00028851366,1.0
1930000,0.02905235,None,0.11263487,None,None,474.0,5.168719e-05,0.0674145,0.00028845033,1.0
1940000,0.026163697,7222.0,0.10894673,8.10000018030405,8.10000018030405,481.0,0.00095341355,0.06884944,0.000288387,1.0
1950000,0.03288935,10888.0,0.10783149,11.600000187754631,11.600000187754631,489.0,0.0009961353,0.06939062,0.00028832952,1.0
1960000,0.025860421,2151.0,0.1092384,1.7500000521540642,1.7500000521540642,497.0,0.0009736645,0.06723189,0.00028827222,1.0
1970000,0.026881263,None,0.1085989,None,None,504.0,0.0011277869,0.066610225,0.0002882085,1.0
1980000,0.028032051,None,0.113158725,None,None,512.0,5.9110716e-05,0.06542008,0.00028815132,1.0
1990000,0.028102515,4637.0,0.11760775,4.500000104308128,4.500000104308128,520.0,0.0009745088,0.069019124,0.00028809413,1.0
2000000,0.030812304,4143.0,0.11680755,3.8000000715255737,3.8000000715255737,528.0,6.535513e-05,0.07245198,0.00028803034,1.0
2010000,0.024903337,19777.0,0.107947364,22.775000382214785,22.775000382214785,532.0,0.004315527,0.06857749,0.0002879674,1.0
2020000,0.031201787,None,0.09761402,None,None,None,5.7008052e-05,0.06978026,0.0002879108,1.0
2030000,0.025587203,None,0.10568119,None,None,None,5.7971087e-05,0.070652954,0.00028785356,1.0
2040000,0.027688691,13182.5,0.10889044,14.900000248104334,14.900000248104334,None,0.002062662,0.0694705,0.00028779014,1.0
2050000,0.029584996,16920.0,0.10716937,19.700000308454037,19.700000308454037,None,0.0011286477,0.06903215,0.0002877273,1.0
2060000,0.027581507,28199.0,0.10514721,33.1000005081296,33.1000005081296,None,0.0014746842,0.06581757,0.00028767044,1.0
2070000,0.025379108,6357.0,0.11088705,6.800000138580799,6.800000138580799,None,0.0009267714,0.06756252,0.00028761357,1.0
2080000,0.028818741,None,0.11538837,None,None,None,6.759698e-05,0.076635316,0.00028755027,1.0
2090000,0.026281048,30771.0,0.11428835,35.800000593066216,35.800000593066216,None,0.000991396,0.07163279,0.000287487,1.0
2100000,0.0263075,2111.5,0.10742257,1.5000000484287739,1.5000000484287739,None,0.0025409993,0.0693551,0.00028743022,1.0
2110000,0.026940854,35619.0,0.104668245,41.70000063627958,41.70000063627958,None,0.0010832453,0.064701416,0.0002873735,1.0
2120000,0.031144185,None,0.10969272,None,None,None,6.248506e-05,0.06353506,0.00028731013,1.0
2130000,0.029454608,7059.0,0.10577776,7.600000150501728,7.600000150501728,None,0.0009178276,0.06281565,0.00028724698,1.0
2140000,0.028801613,4746.0,0.10729969,4.700000107288361,4.700000107288361,None,0.0009166758,0.07333503,0.00028719008,1.0
2150000,0.0283102,13218.0,0.11758606,14.75000024586916,14.75000024586916,None,0.0007084273,0.068605244,0.00028713307,1.0
2160000,0.030421466,9661.75,0.11863085,10.800000181421638,10.800000181421638,None,0.0023811709,0.068037294,0.00028707,1.0
2170000,0.02839748,373.0,0.098933764,-0.666666661699613,-0.666666661699613,None,0.0034014888,0.06315149,0.00028700716,1.0
2180000,0.029138366,16201.0,0.09061265,19.10000029951334,19.10000029951334,None,0.0010774066,0.06972115,0.00028695076,1.0
2190000,0.029907411,None,0.103009894,None,None,None,5.6519068e-05,0.068591945,0.0002868938,1.0
2200000,0.026318908,8711.333333333334,0.10775227,9.566666846474012,9.566666846474012,None,0.0021306924,0.06170105,0.00028683082,1.0
2210000,0.028772531,None,0.11639067,None,None,None,5.7112553e-05,0.06495088,0.00028676764,1.0
2220000,0.029719006,None,0.119429775,None,None,None,5.9044254e-05,0.06633488,0.0002867103,1.0
2230000,0.026833663,11684.0,0.11214719,13.100000232458115,13.100000232458115,None,0.00096686726,0.06971574,0.00028665335,1.0
2240000,0.027771136,None,0.1122506,None,None,None,6.026371e-05,0.064906016,0.00028659008,1.0
2250000,0.029429434,None,0.11702886,None,None,None,6.0045095e-05,0.06720368,0.0002865267,1.0
2260000,0.027231053,None,0.11765665,None,None,None,6.8955385e-05,0.06840015,0.00028646967,1.0
2270000,0.026093522,8506.333333333334,0.11019499,9.533333520094553,9.533333520094553,None,0.002926434,0.069554254,0.00028641254,1.0
2280000,0.028890513,None,0.10206083,None,None,None,4.991179e-05,0.06817685,0.0002863487,1.0
2290000,0.023912178,5909.0,0.10123384,6.060000123083592,6.060000123083592,None,0.003518808,0.069983155,0.00028628547,1.0
2300000,0.027529212,None,0.092787854,None,None,None,5.740978e-05,0.06468283,0.00028622875,1.0
2310000,0.027738485,10813.666666666666,0.10246797,12.033333557347456,12.033333557347456,None,0.0018450904,0.066043705,0.0002861718,1.0
2320000,0.024157593,None,0.09422323,None,None,None,0.00092886377,0.07179649,0.0002861076,1.0
2330000,0.027411563,860.0,0.09991865,3.725290298461914e-08,3.725290298461914e-08,None,0.0011364328,0.07170621,0.00028605043,1.0
2340000,0.027619295,None,0.10845194,None,None,None,6.2114916e-05,0.07055755,0.0002859934,1.0
2350000,0.026372911,10384.5,0.11182406,11.40000019595027,11.40000019595027,None,0.001843242,0.07390661,0.00028593006,1.0
2360000,0.02678281,None,0.110612184,None,None,None,5.2008672e-05,0.071423545,0.0002858665,1.0
2370000,0.028679293,None,0.11518076,None,None,None,6.3170526e-05,0.07146101,0.00028580904,1.0
2380000,0.025768545,5125.0,0.117603205,5.300000116229057,5.300000116229057,None,0.0005605228,0.066946074,0.0002857523,1.0
2390000,0.024833484,None,0.11879855,None,None,None,6.126654e-05,0.072180554,0.000285689,1.0
2400000,0.02599741,None,0.11862923,None,None,None,6.46101e-05,0.07112654,0.00028562563,1.0
2410000,0.028011601,5143.0,0.122617126,5.300000116229057,5.300000116229057,None,0.0011514076,0.07235383,0.0002855688,1.0
2420000,0.028384,None,0.11991365,None,None,None,5.8646878e-05,0.06637869,0.00028551184,1.0
2430000,0.025894351,15603.0,0.11167565,17.800000302493572,17.800000302493572,None,0.0009519784,0.07060762,0.0002854483,1.0
2440000,0.026820175,None,0.114461385,None,None,None,6.946993e-05,0.072609186,0.00028539085,1.0
2450000,0.024294877,15912.666666666666,0.1080938,18.13333363334338,18.13333363334338,None,0.002865842,0.0655986,0.00028533407,1.0
2460000,0.027938439,None,0.104946814,None,None,None,5.4808137e-05,0.06943777,0.00028527068,1.0
2470000,0.029101118,18919.0,0.106250934,22.800000376999378,22.800000376999378,None,0.00096353627,0.06871154,0.00028520715,1.0
2480000,0.026822885,None,0.10696202,None,None,None,6.080186e-05,0.06073791,0.00028515016,1.0
2490000,0.026138829,12415.0,0.1070958,14.00000024586916,14.00000024586916,None,0.0009439007,0.07101841,0.00028509312,1.0
2500000,0.024871679,None,0.111915454,None,None,None,5.3967175e-05,0.06578517,0.0002850298,1.0
2510000,0.023741866,10081.25,0.09960205,10.975000195205212,10.975000195205212,None,0.0034871448,0.07207198,0.00028496663,1.0
2520000,0.025762912,697.0,0.09878187,-0.19999996572732925,-0.19999996572732925,None,0.0011718082,0.06808425,0.00028490974,1.0
2530000,0.026278425,None,0.1099043,None,None,None,5.1621602e-05,0.06811779,0.00028485234,1.0
2540000,0.0278957,None,0.11500336,None,None,None,6.09132e-05,0.065926395,0.0002847886,1.0
2550000,0.029654989,None,0.120039865,None,None,None,5.158861e-05,0.0708616,0.00028473156,1.0
2560000,0.025570143,11367.0,0.11447724,12.200000196695328,12.200000196695328,None,0.0011420944,0.066073395,0.0002846745,1.0
2570000,0.028695479,811.0,0.113694,-0.19999998807907104,-0.19999998807907104,None,0.001134503,0.06899486,0.00028461101,1.0
2580000,0.02500474,None,0.11172225,None,None,None,5.438098e-05,0.062080722,0.0002845477,1.0
2590000,0.029065289,None,0.11786234,None,None,None,6.195041e-05,0.071173385,0.0002844903,1.0
2600000,0.025173573,15558.0,0.1230063,17.500000298023224,17.500000298023224,None,0.00061556493,0.066710696,0.0002844334,1.0
2610000,0.027666641,18606.5,0.11860843,21.7000003606081,21.7000003606081,None,0.0010643337,0.06561154,0.00028437033,1.0
2620000,0.025476018,7224.0,0.11466097,7.500000149011612,7.500000149011612,None,0.0011008682,0.069887035,0.0002843071,1.0
2630000,0.025248753,None,0.113387525,None,None,None,4.5308294e-05,0.072705455,0.0002842501,1.0
2640000,0.026671639,1082.0,0.11793362,0.20000004023313522,0.20000004023313522,None,0.0011465081,0.06870964,0.00028419314,1.0
2650000,0.02291844,10260.0,0.11189243,11.200000204145908,11.200000204145908,None,0.00092930405,0.06701199,0.0002841298,1.0
2660000,0.026666677,32251.0,0.10901406,37.600000597536564,37.600000597536564,None,0.0009732934,0.060125053,0.0002840667,1.0
2670000,0.028266689,1897.0,0.11243878,1.3000000566244125,1.3000000566244125,None,0.0012006207,0.06894022,0.0002840096,1.0
2680000,0.030899411,5294.0,0.106665,4.900000110268593,4.900000110268593,None,5.5820972e-05,0.069286235,0.0002839524,1.0
2690000,0.026919553,None,0.10778651,None,None,None,0.00092772825,0.065014996,0.00028388912,1.0
2700000,0.027271345,None,0.11249423,None,None,None,6.296944e-05,0.06490241,0.00028382576,1.0
2710000,0.02746853,18750.0,0.11506306,22.20000034570694,22.20000034570694,None,0.0013092103,0.06906769,0.00028376846,1.0
2720000,0.028341146,None,0.1137777,None,None,None,5.239417e-05,0.07090233,0.00028371095,1.0
2730000,0.027626507,None,0.11517412,None,None,None,6.59793e-05,0.06903975,0.0002836476,1.0
2740000,0.027118959,None,0.119516715,None,None,None,5.645395e-05,0.06590523,0.00028359058,1.0
2750000,0.027880585,19211.5,0.10849583,21.850000362843275,21.850000362843275,None,0.0018036424,0.06547737,0.00028353324,1.0
2760000,0.025599584,15086.5,0.11535685,17.125000270083547,17.125000270083547,None,0.00037550583,0.06257366,0.00028346942,1.0
2770000,0.027279329,None,0.10658537,None,None,None,0.001899123,0.06383323,0.00028340632,1.0
2780000,0.02869037,None,0.1118478,None,None,None,6.2752944e-05,0.068803996,0.00028334925,1.0
2790000,0.025782565,None,0.113863796,None,None,None,5.82382e-05,0.067570336,0.00028329203,1.0
2800000,0.029214613,2882.5,0.11035314,2.40000007301569,2.40000007301569,None,0.0018539944,0.06748672,0.00028322864,1.0
2810000,0.02916761,None,0.105831034,None,None,None,4.7660527e-05,0.06909216,0.00028316551,1.0
2820000,0.026663417,None,0.11321938,None,None,None,5.770394e-05,0.065708734,0.0002831081,1.0
2830000,0.028588079,None,0.11781248,None,None,None,6.2710475e-05,0.071529895,0.00028305105,1.0
2840000,0.025719607,11203.0,0.119417936,12.300000220537186,12.300000220537186,None,0.000437541,0.07501427,0.00028298804,1.0
2850000,0.02688454,6556.0,0.11493546,6.900000140070915,6.900000140070915,None,0.0011096807,0.06830153,0.00028293073,1.0
2860000,0.02964217,None,0.112315305,None,None,None,6.104835e-05,0.07299521,0.00028287384,1.0
2870000,0.02848421,26779.0,0.11586767,31.200000502169132,31.200000502169132,None,0.0009509529,0.06962809,0.00028281013,1.0
2880000,0.027153268,7520.0,0.110090636,7.80000015348196,7.80000015348196,None,0.0009533634,0.06466771,0.0002827469,1.0
2890000,0.027678952,7686.75,0.10281254,8.40000014565885,8.40000014565885,None,0.0044378606,0.067950785,0.0002826901,1.0
2900000,0.028975064,None,0.10657032,None,None,None,7.946621e-05,0.06541305,0.0002826333,1.0
2910000,0.029432481,9334.0,0.11518602,10.100000187754631,10.100000187754631,None,5.14803e-05,0.06488274,0.00028256993,1.0
2920000,0.027042603,2164.0,0.10504758,1.3000000342726707,1.3000000342726707,None,0.0021959888,0.065540105,0.00028250666,1.0
2930000,0.028002787,13386.0,0.10437957,15.200000263750553,15.200000263750553,None,0.0009171988,0.0721199,0.00028245,1.0
2940000,0.027890613,10786.0,0.106528364,12.100000195205212,12.100000195205212,None,0.0011004267,0.06683724,0.00028239307,1.0
2950000,0.029748553,None,0.11079617,None,None,None,5.5997185e-05,0.068102695,0.0002823296,1.0
2960000,0.029168041,7115.0,0.111679584,7.300000123679638,7.300000123679638,None,0.00088375935,0.07168617,0.00028226577,1.0
2970000,0.027049294,33058.0,0.11056505,38.1000005826354,38.1000005826354,None,0.0013635036,0.06955224,0.00028220884,1.0
2980000,0.030189747,10888.0,0.11091481,12.100000217556953,12.100000217556953,538.0,0.00065349584,0.063344866,0.00028215162,1.0
2990000,0.026271231,None,0.11682846,None,None,547.0,5.6406174e-05,0.07267285,0.0002820883,1.0
3000000,0.027972184,45221.0,0.11553579,54.100000843405724,54.100000843405724,551.0,0.0012155562,0.066811964,0.00028203134,1.0
3010000,0.028058017,31273.0,0.10980793,36.500000558793545,36.500000558793545,None,0.0010795781,0.07229058,0.00028197392,1.0
3020000,0.027218388,23323.0,0.112673715,26.500000432133675,26.500000432133675,None,0.000916507,0.07046531,0.00028190986,1.0
3030000,0.026456425,8688.0,0.10366561,9.60000018030405,9.60000018030405,None,0.000967176,0.06764625,0.00028184618,1.0
3040000,0.027862769,986.0,0.107961826,0.20000004023313522,0.20000004023313522,None,0.0011753762,0.07025421,0.00028178887,1.0
3050000,0.028037975,None,0.10950555,None,None,None,5.2403066e-05,0.06820652,0.0002817308,1.0
3060000,0.0315663,None,0.11933676,None,None,None,5.8539772e-05,0.06713761,0.0002816667,1.0
3070000,0.031939592,10356.5,0.120124035,11.600000210106373,11.600000210106373,None,0.0012154767,0.07198114,0.0002816099,1.0
3080000,0.028279299,7696.0,0.104446106,8.575000170618296,8.575000170618296,None,0.004245808,0.07145094,0.00028155334,1.0
3090000,0.025925055,1395.0,0.09927755,0.9000000506639481,0.9000000506639481,None,0.00094748416,0.06728115,0.0002814902,1.0
3100000,0.026377527,4265.0,0.10193503,4.100000098347664,4.100000098347664,None,0.0009566187,0.07586153,0.000281427,1.0
3110000,0.029303597,None,0.11056299,None,None,None,5.606641e-05,0.07309885,0.0002813696,1.0
3120000,0.027942521,8325.5,0.11324473,9.250000175088644,9.250000175088644,None,0.00204115,0.06230973,0.0002813123,1.0
3130000,0.02744659,12197.0,0.11046088,13.700000241398811,13.700000241398811,None,0.00096454535,0.06821532,0.00028124917,1.0
3140000,0.026251473,None,0.10578427,None,None,None,5.6198933e-05,0.06865762,0.00028118593,1.0
3150000,0.025945276,None,0.10764094,None,None,None,6.7675865e-05,0.0647572,0.00028112892,1.0
3160000,0.025886057,None,0.11076788,None,None,None,6.855138e-05,0.06663583,0.0002810715,1.0
3170000,0.02851005,2276.0,0.11052721,1.600000061094761,1.600000061094761,None,0.0009812464,0.06674037,0.00028100825,1.0
3180000,0.025827732,None,0.11323273,None,None,None,6.5312284e-05,0.06809365,0.0002809513,1.0
3190000,0.027549163,3817.3333333333335,0.10817688,3.5333334306875863,3.5333334306875863,None,0.0027229297,0.0654961,0.00028089428,1.0
3200000,0.024695598,None,0.106866784,None,None,None,5.14729e-05,0.070609905,0.00028083075,1.0
3210000,0.027639963,None,0.11380824,None,None,None,5.7502435e-05,0.067715436,0.00028076716,1.0
3220000,0.027307434,None,0.11483102,None,None,None,6.3850945e-05,0.058761053,0.0002807101,1.0
3230000,0.026096312,None,0.11676961,None,None,None,6.56454e-05,0.06641261,0.00028065272,1.0
3240000,0.029712506,3179.0,0.11298336,2.40000007301569,2.40000007301569,None,0.0009594407,0.07005385,0.00028058907,1.0
3250000,0.026380988,12814.5,0.10993212,14.400000251829624,14.400000251829624,None,0.0037514097,0.070259735,0.00028052574,1.0
3260000,0.024102366,13951.666666666666,0.09464993,15.900000266730785,15.900000266730785,None,0.0016162627,0.06603423,0.00028046875,1.0
3270000,0.025448613,7101.0,0.08204607,7.275000140070915,7.275000140070915,None,0.004399717,0.07037233,0.0002804121,1.0
3280000,0.024860479,18786.0,0.086545885,22.300000369548798,22.300000369548798,None,0.0008873924,0.06332995,0.00028034888,1.0
3290000,0.025735762,None,0.103439406,None,None,None,5.4906337e-05,0.06703708,0.00028028557,1.0
3300000,0.027124975,1711.0,0.10854559,1.2000000551342964,1.2000000551342964,None,0.0011814625,0.072843984,0.00028022865,1.0
3310000,0.027553847,3125.0,0.112752795,2.9000000804662704,2.9000000804662704,None,6.5546585e-05,0.07403009,0.00028017163,1.0
3320000,0.025318177,None,0.1068956,None,None,None,0.0009521291,0.06373779,0.0002801083,1.0
3330000,0.026791245,None,0.11245375,None,None,None,6.265034e-05,0.06711572,0.00028005132,1.0
3340000,0.022882488,23174.0,0.113188356,26.700000435113907,26.700000435113907,None,0.0006072711,0.067100756,0.00027999424,1.0
3350000,0.025449112,None,0.116297126,None,None,None,5.653328e-05,0.06530786,0.0002799307,1.0
3360000,0.027143221,None,0.117652185,None,None,None,6.360804e-05,0.06571706,0.00027986715,1.0
3370000,0.024540508,None,0.11758517,None,None,None,6.170322e-05,0.06979899,0.0002798098,1.0
3380000,0.025595276,7095.0,0.12037435,7.500000149011612,7.500000149011612,None,0.0009854964,0.06168765,0.00027975274,1.0
3390000,0.028445303,None,0.11953562,None,None,None,5.4709137e-05,0.06811242,0.0002796893,1.0
3400000,0.02421147,None,0.11869255,None,None,None,6.137369e-05,0.07590677,0.00027963187,1.0
3410000,0.025202107,None,0.12211219,None,None,None,6.551693e-05,0.068043314,0.0002795742,1.0
3420000,0.02852359,9385.0,0.11996235,9.900000184774399,9.900000184774399,None,0.0009260373,0.06901034,0.00027951068,1.0
3430000,0.026247442,None,0.11821915,None,None,None,6.0347702e-05,0.064527765,0.0002794472,1.0
3440000,0.024378555,None,0.11721014,None,None,None,6.526533e-05,0.064732336,0.0002793902,1.0
3450000,0.02738426,10614.0,0.11904061,12.000000216066837,12.000000216066837,None,0.0009983666,0.06834512,0.00027933315,1.0
3460000,0.026146533,9067.0,0.11478349,10.200000189244747,10.200000189244747,None,0.0009186644,0.06799128,0.0002792696,1.0
3470000,0.023344418,3340.0,0.11209665,3.1000000834465027,3.1000000834465027,None,0.0008142313,0.07282046,0.00027920568,1.0
3480000,0.027901461,13624.0,0.115162164,15.400000289082527,15.400000289082527,None,0.0011787534,0.06972359,0.00027914878,1.0
3490000,0.02761367,None,0.11380621,None,None,None,5.001631e-05,0.068001255,0.00027909176,1.0
3500000,0.02537022,10604.0,0.114468254,11.400000184774399,11.400000184774399,None,5.8371843e-05,0.06810739,0.0002790284,1.0
3510000,0.026643293,8479.0,0.106614776,9.35000017657876,9.35000017657876,None,0.0028388267,0.06529799,0.00027896528,1.0
3520000,0.02738629,None,0.11200501,None,None,None,4.9839622e-05,0.068324715,0.00027890824,1.0
3530000,0.027129957,22666.0,0.11410763,26.300000429153442,26.300000429153442,558.0,0.0007453022,0.06666517,0.0002788512,1.0
3540000,0.02574899,None,0.11287888,None,None,565.0,5.4130367e-05,0.06752487,0.00027878807,1.0
3550000,0.029172447,None,0.11731835,None,None,573.0,5.7004785e-05,0.07419402,0.00027873105,1.0
3560000,0.02858847,None,0.11886912,None,None,581.0,5.569833e-05,0.06480117,0.00027867334,1.0
3570000,0.0266493,3605.0,0.11797894,3.200000084936619,3.200000084936619,588.0,0.0009370736,0.05715082,0.00027860998,1.0
3580000,0.029282002,None,0.11870219,None,None,596.0,5.4047392e-05,0.061477166,0.0002785468,1.0
3590000,0.025962723,31249.0,0.117313094,36.800000585615635,36.800000585615635,604.0,0.0010906629,0.06629629,0.00027848943,1.0
3600000,0.02577934,1050.0,0.1126273,0.2500000409781933,0.2500000409781933,611.0,0.0013698827,0.06736154,0.0002784323,1.0
3610000,0.027287472,50274.0,0.11261233,60.500000938773155,60.500000938773155,615.0,0.00095692434,0.066628546,0.00027836906,1.0
3620000,0.029361952,None,0.11361833,None,None,None,6.133744e-05,0.07121576,0.00027830576,1.0
3630000,0.028506124,5984.0,0.113981806,6.400000132620335,6.400000132620335,None,0.0011946119,0.07132176,0.00027824868,1.0
3640000,0.0272466,11263.0,0.115175724,12.700000204145908,12.700000204145908,None,0.0011649384,0.06328054,0.00027819152,1.0
3650000,0.02845582,42743.0,0.115557484,50.40000081062317,50.40000081062317,None,0.00092665246,0.066939116,0.00027812817,1.0
3660000,0.030293433,None,0.11660454,None,None,None,6.777391e-05,0.0646943,0.00027807054,1.0
3670000,0.025204558,None,0.11708174,None,None,None,6.313823e-05,0.062129427,0.0002780131,1.0
3680000,0.027107507,None,0.11629974,None,None,None,7.074898e-05,0.07018342,0.00027794964,1.0
3690000,0.026458316,5484.25,0.09727509,5.575000114738941,5.575000114738941,None,0.0036712368,0.06773807,0.00027788634,1.0
3700000,0.025721245,None,0.09781386,None,None,None,6.408286e-05,0.07041246,0.0002778293,1.0
3710000,0.027813548,16047.0,0.10596426,18.200000308454037,18.200000308454037,None,0.0009570473,0.0720561,0.00027777237,1.0
3720000,0.028105548,None,0.1143541,None,None,None,6.777943e-05,0.06708701,0.00027770904,1.0
3730000,0.029341843,27343.0,0.11859408,31.400000505149364,31.400000505149364,None,0.0010831214,0.065304205,0.0002776517,1.0
3740000,0.029270502,1721.0,0.11503116,1.2000000439584255,1.2000000439584255,None,0.00092430616,0.06663332,0.00027759458,1.0
3750000,0.028973138,9758.0,0.1037085,11.200000204145908,11.200000204145908,None,0.0010637897,0.07197665,0.00027753162,1.0
3760000,0.028309096,4716.0,0.106049895,4.500000081956387,4.500000081956387,None,0.002048521,0.06534347,0.0002774685,1.0
3770000,0.025434399,771.0,0.106722616,3.725290298461914e-08,3.725290298461914e-08,None,0.0004206656,0.07431591,0.0002774055,1.0
3780000,0.026438829,None,0.11533116,None,None,None,6.235235e-05,0.06759952,0.00027734844,1.0
3790000,0.02552688,5439.0,0.115081765,5.700000122189522,5.700000122189522,None,0.0009779364,0.0690196,0.00027729088,1.0
3800000,0.025000714,None,0.11390179,None,None,None,5.7274767e-05,0.06876656,0.0002772274,1.0
3810000,0.027328257,4800.0,0.117296666,5.100000113248825,5.100000113248825,None,0.00020679139,0.05991932,0.00027717053,1.0
3820000,0.027949778,3709.0,0.118868805,3.300000064074993,3.300000064074993,None,0.001173788,0.06917506,0.00027711372,1.0
3830000,0.027203571,None,0.117538065,None,None,None,4.585771e-05,0.06598767,0.00027705007,1.0
3840000,0.026720747,14139.0,0.11128905,16.400000259280205,16.400000259280205,None,0.0011346415,0.062049188,0.00027698666,1.0
3850000,0.027733902,10004.0,0.109235786,10.90000019967556,10.90000019967556,None,0.0011402408,0.067359455,0.00027692982,1.0
3860000,0.02608577,None,0.1114196,None,None,None,6.098915e-05,0.06815021,0.00027687286,1.0
3870000,0.02496589,None,0.11438355,None,None,None,6.361074e-05,0.062001664,0.0002768095,1.0
3880000,0.02862577,31675.0,0.11912658,37.70000062137842,37.70000062137842,None,0.0009702529,0.07362217,0.00027674614,1.0
3890000,0.025015771,4513.0,0.11296891,4.300000078976154,4.300000078976154,None,0.0013965205,0.06529957,0.00027668918,1.0
3900000,0.029076938,None,0.11105743,None,None,None,4.6785648e-05,0.06685027,0.0002766323,1.0
3910000,0.02663863,None,0.11496963,None,None,None,5.765052e-05,0.06940466,0.00027656893,1.0
3920000,0.026814511,42726.0,0.11022295,49.90000078082085,49.90000078082085,619.0,0.00094603404,0.073941156,0.00027650566,1.0
3930000,0.025761738,None,0.114054516,None,None,626.0,6.164341e-05,0.06817008,0.00027644832,1.0
3940000,0.027174136,6026.0,0.117776446,6.100000128149986,6.100000128149986,634.0,0.00075998233,0.06543571,0.00027639134,1.0
3950000,0.026802883,None,0.1182115,None,None,641.0,5.6156685e-05,0.0662063,0.00027632824,1.0
3960000,0.023907948,None,0.11617216,None,None,649.0,6.110402e-05,0.07630217,0.0002762712,1.0
3970000,0.028258525,19702.0,0.112632826,23.300000362098217,23.300000362098217,657.0,0.0011569532,0.070066586,0.00027621427,1.0
3980000,0.026341092,None,0.11378132,None,None,665.0,5.8128102e-05,0.06270463,0.00027615088,1.0
3990000,0.025419777,30214.0,0.115875974,35.70000056922436,35.70000056922436,672.0,0.00061475154,0.073600724,0.00027608767,1.0
4000000,0.029760968,14756.0,0.11976699,16.60000028461218,16.60000028461218,679.0,0.0011676609,0.06756546,0.00027603089,1.0
4010000,0.028330103,4015.0,0.10782643,4.20000009983778,4.20000009983778,687.0,0.0009479846,0.067219354,0.00027597373,1.0
4020000,0.027615858,None,0.10944613,None,None,695.0,5.832846e-05,0.07344259,0.00027591034,1.0
4030000,0.02451271,1606.0,0.11348442,0.8000000491738319,0.8000000491738319,702.0,0.0006033939,0.06740651,0.00027584727,1.0
4040000,0.025980895,None,0.11561119,None,None,710.0,6.737036e-05,0.067262776,0.00027579028,1.0
4050000,0.02801027,14903.0,0.11178907,17.200000315904617,17.200000315904617,719.0,0.0009986084,0.06683894,0.0002757333,1.0
4060000,0.027551455,13784.0,0.10794829,15.500000268220901,15.500000268220901,726.0,0.0009260702,0.064250246,0.00027567014,1.0
4070000,0.027267352,10412.5,0.115684316,11.600000187754631,11.600000187754631,735.0,0.0014901109,0.06092136,0.0002756071,1.0
4080000,0.023240428,2125.0,0.10905418,1.700000062584877,1.700000062584877,743.0,6.769038e-05,0.06337229,0.0002755504,1.0
4090000,0.025603043,652.0,0.11083786,-0.19999996572732925,-0.19999996572732925,750.0,0.00081430015,0.06508349,0.000275493,1.0
4100000,0.024542032,25985.0,0.11165596,30.100000463426113,30.100000463426113,757.0,0.0012921314,0.066092834,0.00027543015,1.0
4110000,0.02807626,None,0.11454687,None,None,766.0,5.379878e-05,0.0702223,0.00027536688,1.0
4120000,0.026919274,None,0.118056215,None,None,773.0,5.2802236e-05,0.073021814,0.00027530984,1.0
4130000,0.025643783,None,0.12017162,None,None,780.0,6.156641e-05,0.06928864,0.00027525282,1.0
4140000,0.029379126,None,0.11798044,None,None,788.0,6.0983934e-05,0.068082355,0.00027518946,1.0
4150000,0.025298512,3907.6666666666665,0.11705273,3.6666667511065802,3.6666667511065802,796.0,0.0024707373,0.07119846,0.00027512579,1.0
4160000,0.026215889,12080.0,0.10454405,13.700000263750553,13.700000263750553,804.0,0.001197681,0.055552553,0.00027506906,1.0
4170000,0.025820851,6302.0,0.10711153,6.700000137090683,6.700000137090683,812.0,0.000943147,0.072896495,0.00027501216,1.0
4180000,0.024008922,None,0.11155005,None,None,819.0,5.8064208e-05,0.065645106,0.0002749487,1.0
4190000,0.02914937,None,0.116255514,None,None,827.0,5.9924583e-05,0.06223159,0.00027489147,1.0
4200000,0.029733436,None,0.12020788,None,None,834.0,6.1329e-05,0.06672899,0.00027483446,1.0
4210000,0.027732525,25744.0,0.11571291,30.00000048428774,30.00000048428774,841.0,0.00088930037,0.06459091,0.0002747713,1.0
4220000,0.028632715,None,0.11746098,None,None,849.0,6.353748e-05,0.06940337,0.00027470765,1.0
4230000,0.02642551,7032.5,0.11508848,7.3000001683831215,7.3000001683831215,856.0,0.0022913034,0.07024728,0.00027465026,1.0
4240000,0.025502501,15657.0,0.10453282,18.050000317394733,18.050000317394733,864.0,0.0017576397,0.06716575,0.00027459307,1.0
4250000,0.025878856,None,0.10608269,None,None,871.0,5.6301993e-05,0.06654359,0.00027452945,1.0
4260000,0.027522614,None,0.11329184,None,None,880.0,6.685825e-05,0.074173346,0.0002744661,1.0
4270000,0.02636797,4294.0,0.11388711,4.200000077486038,4.200000077486038,886.0,6.0384427e-05,0.0712519,0.00027440905,1.0
4280000,0.027054695,None,0.115055986,None,None,894.0,0.0007116953,0.06939768,0.00027435235,1.0
4290000,0.023609327,41033.0,0.113014065,49.200000770390034,49.200000770390034,901.0,0.0007358015,0.07051112,0.0002742891,1.0
4300000,0.026037294,9145.0,0.115702555,9.700000204145908,9.700000204145908,909.0,0.0009302483,0.06699452,0.00027422557,1.0
4310000,0.028566545,None,0.1148612,None,None,916.0,4.868885e-05,0.06445153,0.00027416862,1.0
4320000,0.024293676,28357.0,0.10973713,32.50000051036477,32.50000051036477,924.0,0.0019887027,0.0686799,0.00027411172,1.0
4330000,0.027237944,None,0.1059222,None,None,933.0,5.0950846e-05,0.07579715,0.00027404807,1.0
4340000,0.02411037,28522.0,0.111656435,33.5000005364418,33.5000005364418,940.0,0.0012080747,0.06951007,0.00027399042,1.0
4350000,0.024094442,None,0.11400987,None,None,947.0,5.793562e-05,0.06767751,0.0002739332,1.0
4360000,0.024840025,None,0.11908966,None,None,956.0,6.1730716e-05,0.06909089,0.0002738688,1.0
4370000,0.025583059,None,0.121018924,None,None,963.0,6.9738984e-05,0.06999779,0.00027381105,1.0
4380000,0.028632306,None,0.11985659,None,None,971.0,6.273993e-05,0.064880475,0.00027375374,1.0
4390000,0.024491351,11956.666666666666,0.119468324,13.566666906078657,13.566666906078657,979.0,0.0018971892,0.0740961,0.00027368905,1.0
4400000,0.026414836,494.0,0.11017796,-0.3999999687075615,-0.3999999687075615,987.0,0.0018461065,0.06789093,0.0002736261,1.0
4410000,0.023878807,None,0.10828478,None,None,994.0,5.8482554e-05,0.05898104,0.00027356914,1.0
4420000,0.026021207,1278.0,0.113141574,0.7000000476837158,0.7000000476837158,1002.0,0.001120326,0.06350627,0.00027351204,1.0
4430000,0.025760049,23642.0,0.11285556,26.900000415742397,26.900000415742397,1010.0,0.001101533,0.068196565,0.000273448,1.0
4440000,0.02826343,None,0.11663926,None,None,1018.0,4.5585435e-05,0.06848028,0.0002733912,1.0
4450000,0.028873408,None,0.11806772,None,None,1026.0,5.5153774e-05,0.07230148,0.00027333415,1.0
4460000,0.02764265,3121.5,0.1124311,2.600000064820051,2.600000064820051,1034.0,0.0018003875,0.07189919,0.00027327088,1.0
4470000,0.026362384,None,0.1125937,None,None,1042.0,5.2090596e-05,0.06786529,0.0002732076,1.0
4480000,0.027417185,20455.0,0.11438807,22.800000354647636,22.800000354647636,1049.0,0.001407742,0.06947002,0.00027315068,1.0
4490000,0.026244108,None,0.118198074,None,None,1056.0,5.940794e-05,0.070110455,0.0002730937,1.0
4500000,0.028042313,2489.0,0.116472036,2.200000047683716,2.200000047683716,1063.0,0.0011524402,0.07056312,0.00027303037,1.0
4510000,0.027421443,11320.0,0.10789961,12.800000216811895,12.800000216811895,1071.0,0.0014581427,0.0672689,0.00027296733,1.0
4520000,0.025860706,23073.0,0.10705151,27.300000444054604,27.300000444054604,1079.0,0.001177191,0.066821374,0.0002729101,1.0
4530000,0.026022498,None,0.109022066,None,None,1087.0,5.7703983e-05,0.069778636,0.00027285324,1.0
4540000,0.025607856,9760.0,0.110874325,10.750000197440386,10.750000197440386,1095.0,0.0014459488,0.06663297,0.00027278985,1.0
4550000,0.026551943,None,0.10517442,None,None,1103.0,6.109605e-05,0.069813184,0.0002727265,1.0
4560000,0.029046541,None,0.11124717,None,None,1110.0,5.9673635e-05,0.06896892,0.00027266948,1.0
4570000,0.026070654,4192.0,0.11196469,4.000000096857548,4.000000096857548,1117.0,0.0010011215,0.070475355,0.0002726125,1.0
4580000,0.024371443,9397.0,0.10867055,10.000000186264515,10.000000186264515,1124.0,0.0009688451,0.06724596,0.00027254893,1.0
4590000,0.023426104,5703.0,0.11202437,6.100000128149986,6.100000128149986,1131.0,0.0006526116,0.06266886,0.00027248525,1.0
4600000,0.025356226,735.0,0.11462925,-0.19999996572732925,-0.19999996572732925,1138.0,5.7876696e-05,0.07046254,0.00027242853,1.0
4610000,0.02829883,None,0.118555754,None,None,1146.0,0.0009628373,0.06945705,0.0002723717,1.0
4620000,0.025519475,18498.0,0.118314266,22.20000036805868,22.20000036805868,1154.0,0.00034964283,0.06666157,0.0002723081,1.0
4630000,0.026150921,None,0.11937546,None,None,1163.0,5.415329e-05,0.06609955,0.0002722509,1.0
4640000,0.02760137,None,0.12166689,None,None,1171.0,5.9777354e-05,0.06434357,0.00027219387,1.0
4650000,0.026341312,46749.0,0.117222086,56.0000008828938,56.0000008828938,1180.0,0.0017686358,0.07255296,0.00027213074,1.0
4660000,0.02461505,None,0.11696444,None,None,1187.0,5.098025e-05,0.074587956,0.00027206755,1.0
4670000,0.024052888,None,0.11369356,None,None,1194.0,6.719861e-05,0.066599496,0.00027201054,1.0
4680000,0.025138196,None,0.11411317,None,None,1202.0,6.8803034e-05,0.07086314,0.0002719535,1.0
4690000,0.030175447,None,0.11897921,None,None,1210.0,6.431749e-05,0.06805922,0.00027189017,1.0
4700000,0.026219163,23907.5,0.11826633,27.700000450015068,27.700000450015068,1218.0,0.0017138043,0.06653161,0.0002718267,1.0
4710000,0.02501493,23220.0,0.112619415,27.100000463426113,27.100000463426113,1227.0,0.0011698068,0.070012346,0.00027176976,1.0
4720000,0.021762585,None,0.114893496,None,None,1234.0,5.644965e-05,0.06697165,0.00027171275,1.0
4730000,0.025721475,None,0.11730639,None,None,1241.0,6.27718e-05,0.06722634,0.0002716494,1.0
4740000,0.024756493,12439.0,0.11618759,13.600000239908695,13.600000239908695,1248.0,0.0009429067,0.07113693,0.00027158624,1.0
4750000,0.027577441,None,0.11643701,None,None,1256.0,6.203685e-05,0.065075696,0.00027152925,1.0
4760000,0.02658941,6597.0,0.11563016,7.000000141561031,7.000000141561031,1263.0,0.00056265795,0.066589616,0.0002714722,1.0
4770000,0.025961699,None,0.11676995,None,None,1270.0,6.357179e-05,0.06572155,0.00027140838,1.0
4780000,0.026399774,53742.5,0.11524603,64.25000099465251,64.25000099465251,1275.0,0.0023341784,0.060468446,0.00027135113,1.0
4790000,0.02605422,None,0.11242701,None,None,None,5.5778677e-05,0.07265632,0.0002712942,1.0
4800000,0.025592199,25281.0,0.12019269,29.500000476837158,29.500000476837158,None,0.00027437936,0.06415106,0.00027123114,1.0
4810000,0.02582584,None,0.12303465,None,None,None,6.763077e-05,0.06559506,0.00027116787,1.0
4820000,0.02572641,1249.0,0.11853359,0.5000000447034836,0.5000000447034836,None,0.0012297858,0.06459659,0.000271111,1.0
4830000,0.025608066,36858.0,0.11378506,44.20000069588423,44.20000069588423,None,0.0009937586,0.07303161,0.00027105404,1.0
4840000,0.030147372,None,0.11339865,None,None,None,5.9189093e-05,0.06765093,0.00027099065,1.0
4850000,0.026756255,None,0.11634836,None,None,None,6.0046594e-05,0.062932916,0.0002709273,1.0
4860000,0.025502395,None,0.11600343,None,None,None,6.314702e-05,0.0676439,0.00027087028,1.0
4870000,0.028398814,9573.0,0.11146585,10.500000193715096,10.500000193715096,None,0.0009873228,0.06491229,0.0002708134,1.0
4880000,0.02545939,34075.0,0.1079774,39.650000628083944,39.650000628083944,None,0.0016100288,0.069459826,0.00027074997,1.0
4890000,0.02792713,4612.0,0.10747451,4.6000001057982445,4.6000001057982445,None,0.00050104957,0.068314314,0.00027068658,1.0
4900000,0.02475978,None,0.110711075,None,None,None,6.112024e-05,0.06262176,0.0002706297,1.0
4910000,0.02397412,20101.0,0.11583304,23.50000036507845,23.50000036507845,None,0.00062836916,0.07053591,0.00027057264,1.0
4920000,0.02996383,None,0.11759573,None,None,None,7.087755e-05,0.070465304,0.00027050913,1.0
4930000,0.024897352,1424.0,0.10970688,0.7000000476837158,0.7000000476837158,None,0.001007032,0.06714704,0.0002704514,1.0
4940000,0.026514782,9089.0,0.10670646,10.000000186264515,10.000000186264515,None,0.001694389,0.063985385,0.0002703943,1.0
4950000,0.027708793,None,0.11277321,None,None,None,5.6513778e-05,0.06416618,0.0002703308,1.0
4960000,0.026298389,5551.0,0.11308529,5.800000123679638,5.800000123679638,None,0.0011590567,0.06675962,0.0002702671,1.0
4970000,0.027501024,2415.0,0.114632316,1.700000062584877,1.700000062584877,None,0.0011895342,0.06663034,0.00027020983,1.0
4980000,0.02543426,20091.5,0.11655091,23.400000385940075,23.400000385940075,None,6.0753686e-05,0.07080446,0.00027015244,1.0
4990000,0.025581228,13112.0,0.10375911,14.900000259280205,14.900000259280205,None,0.0025895855,0.07354261,0.00027008896,1.0
5000000,0.026915953,8747.0,0.10696947,9.550000179558992,9.550000179558992,None,0.0013605192,0.06815936,0.00027002557,1.0
5010000,0.025072733,None,0.11410623,None,None,None,5.1686962e-05,0.07051696,0.00026996812,1.0
5020000,0.026210723,None,0.11650799,None,None,None,6.148541e-05,0.06791935,0.00026991102,1.0
5030000,0.024031555,3788.0,0.1158923,3.6000000908970833,3.6000000908970833,None,0.00080593413,0.06532596,0.00026984795,1.0
5040000,0.02523049,None,0.11808361,None,None,None,5.7092187e-05,0.06817215,0.00026979094,1.0
5050000,0.027777601,None,0.11800811,None,None,None,5.9700767e-05,0.06717603,0.0002697339,1.0
5060000,0.026608432,11699.0,0.117221184,12.900000229477882,12.900000229477882,None,6.352611e-05,0.07332541,0.00026967056,1.0
5070000,0.025619611,None,0.10678252,None,None,None,0.00095397176,0.0648406,0.00026960726,1.0
5080000,0.026842747,3116.0,0.1033219,2.8000000789761543,2.8000000789761543,None,0.0011770269,0.06367416,0.00026955034,1.0
5090000,0.025452873,36263.0,0.10995389,43.90000069141388,43.90000069141388,None,0.0009790069,0.06509633,0.00026949323,1.0
5100000,0.025708137,25336.0,0.10937408,29.500000476837158,29.500000476837158,None,0.0011313801,0.06295277,0.0002694295,1.0
5110000,0.027060911,None,0.10994454,None,None,None,5.5189805e-05,0.067819305,0.00026936602,1.0
5120000,0.02528795,8175.5,0.110772975,9.35000017657876,9.35000017657876,None,0.0022355518,0.07062729,0.0002693089,1.0
5130000,0.026585432,6464.5,0.113321416,6.700000137090683,6.700000137090683,None,0.00095263624,0.06738945,0.00026925147,1.0
5140000,0.023546658,203.0,0.10179573,-0.7999999970197678,-0.7999999970197678,None,0.0017784226,0.064834416,0.0002691883,1.0
5150000,0.02336693,None,0.1057484,None,None,None,7.042913e-05,0.061016783,0.00026913133,1.0
5160000,0.022306418,2942.0,0.11121807,2.600000098347664,2.600000098347664,None,7.6545795e-05,0.06430523,0.0002690739,1.0
5170000,0.02580874,11836.0,0.111470066,13.600000239908695,13.600000239908695,None,0.0009501848,0.06786735,0.00026901055,1.0
5180000,0.023160698,3901.0,0.10290152,3.8000000938773155,3.8000000938773155,None,0.0018825091,0.0676677,0.0002689472,1.0
5190000,0.026546016,14651.0,0.101839796,16.700000286102295,16.700000286102295,None,0.0011592723,0.064322375,0.0002688902,1.0
5200000,0.027269691,4416.0,0.10618037,3.8000000938773155,3.8000000938773155,None,0.00017740707,0.066610366,0.0002688331,1.0
5210000,0.02470765,30036.5,0.11224211,34.800000578165054,34.800000578165054,None,0.0009879159,0.069400996,0.00026876986,1.0
5220000,0.02426176,None,0.11244571,None,None,None,0.0009491645,0.056422137,0.00026870598,1.0
5230000,0.024830507,3540.0,0.11484029,3.0000000819563866,3.0000000819563866,None,0.0011646511,0.07067301,0.00026864893,1.0
5240000,0.023205997,None,0.11190321,None,None,None,6.4627835e-05,0.0638245,0.00026859203,1.0
5250000,0.0253218,27098.0,0.106541894,32.25000051781535,32.25000051781535,None,0.0015887863,0.06037546,0.00026852876,1.0
5260000,0.022789478,960.0,0.10919369,3.725290298461914e-08,3.725290298461914e-08,None,0.00020530126,0.06207266,0.0002684716,1.0
5270000,0.024091795,None,0.11723998,None,None,None,5.7050398e-05,0.07229349,0.00026841467,1.0
5280000,0.024557494,None,0.11992565,None,None,None,6.285328e-05,0.06891705,0.00026835108,1.0
5290000,0.024873648,None,0.12203295,None,None,None,5.9777063e-05,0.067548,0.00026828758,1.0
5300000,0.023867238,None,0.122229576,None,None,None,5.4711618e-05,0.06693408,0.00026823053,1.0
5310000,0.023537032,None,0.119428195,None,None,None,6.420191e-05,0.06503014,0.00026817352,1.0
5320000,0.02142509,None,0.11769508,None,None,None,6.461587e-05,0.07082046,0.00026811007,1.0
5330000,0.026055401,None,0.1215437,None,None,None,6.560124e-05,0.07127617,0.00026804642,1.0
5340000,0.023789326,None,0.12231964,None,None,None,6.199969e-05,0.068805985,0.00026798912,1.0
5350000,0.024785738,None,0.12353863,None,None,None,6.358845e-05,0.06408754,0.000267932,1.0
5360000,0.023477733,23574.0,0.11826688,26.800000436604023,26.800000436604023,None,0.0009511968,0.07058248,0.0002678688,1.0
5370000,0.025419949,None,0.11944456,None,None,None,6.1329425e-05,0.07026689,0.00026781167,1.0
5380000,0.02305396,None,0.11690636,None,None,None,6.4681706e-05,0.07054525,0.00026775445,1.0
5390000,0.026057808,None,0.11723621,None,None,None,6.2343075e-05,0.06525471,0.00026769107,1.0
5400000,0.025025444,11074.5,0.1207673,12.350000232458115,12.350000232458115,None,0.0017915627,0.06872079,0.0002676279,1.0
5410000,0.024720442,None,0.11685766,None,None,None,5.928821e-05,0.06913064,0.00026757104,1.0
5420000,0.02318724,None,0.11555327,None,None,None,6.603792e-05,0.071552485,0.00026751403,1.0
5430000,0.023655143,30876.0,0.11537236,36.20000057667494,36.20000057667494,None,0.0009798637,0.06622644,0.0002674507,1.0
5440000,0.024038818,None,0.11361941,None,None,None,5.3217962e-05,0.067349054,0.00026738658,1.0
5450000,0.024872107,12953.0,0.116346434,14.900000259280205,14.900000259280205,None,6.547923e-05,0.064720966,0.00026732933,1.0
5460000,0.025594043,None,0.10968343,None,None,None,0.0009578174,0.067945756,0.0002672724,1.0
5470000,0.024279153,7454.0,0.10601722,7.933333496252696,7.933333496252696,None,0.0027401578,0.07320015,0.00026720852,1.0
5480000,0.02463738,None,0.10386,None,None,None,5.4608994e-05,0.072756425,0.0002671516,1.0
5490000,0.024719456,8694.0,0.11275249,9.200000174343586,9.200000174343586,None,7.020938e-05,0.0664553,0.00026709455,1.0
5500000,0.0226339,None,0.106614396,None,None,None,0.00093434594,0.06784374,0.00026703128,1.0
5510000,0.023269515,None,0.111393146,None,None,None,6.8768815e-05,0.078373864,0.0002669679,1.0
5520000,0.027373016,1455.0,0.11127023,0.9000000506639481,0.9000000506639481,None,0.0011879021,0.06358213,0.00026691056,1.0
5530000,0.023637498,22742.0,0.11126469,26.700000435113907,26.700000435113907,None,0.00093390176,0.07619628,0.00026685352,1.0
5540000,0.02124949,6515.0,0.10580282,6.700000137090683,6.700000137090683,None,0.0009419575,0.06790392,0.00026679013,1.0
5550000,0.021326808,None,0.10894608,None,None,None,5.8682384e-05,0.06895822,0.00026672677,1.0
5560000,0.025684737,None,0.11552305,None,None,None,6.548609e-05,0.06840697,0.00026666975,1.0
5570000,0.02253887,None,0.11647667,None,None,None,6.5026674e-05,0.064842984,0.00026661257,1.0
5580000,0.024955506,None,0.11985011,None,None,None,7.0854025e-05,0.066218056,0.000266549,1.0
5590000,0.023024302,None,0.11623862,None,None,None,6.506483e-05,0.06883334,0.00026648561,1.0
5600000,0.022779128,37107.0,0.11128015,44.00000071525574,44.00000071525574,None,0.0011509078,0.06549488,0.0002664287,1.0
5610000,0.024483928,None,0.11452043,None,None,None,6.768365e-05,0.06850438,0.00026637167,1.0
5620000,0.026178462,6058.5,0.1173595,6.050000127404928,6.050000127404928,None,0.00075141323,0.07249214,0.00026630843,1.0
5630000,0.025137072,26996.0,0.11327186,30.900000497698784,30.900000497698784,None,0.0020764153,0.06674434,0.0002662517,1.0
5640000,0.02478789,None,0.117772155,None,None,None,4.9404323e-05,0.07467295,0.00026619455,1.0
5650000,0.024889423,None,0.11626038,None,None,None,6.0433464e-05,0.06506826,0.0002661312,1.0
5660000,0.022891209,None,0.1167786,None,None,None,6.6870154e-05,0.070096605,0.00026606783,1.0
5670000,0.025277734,49364.5,0.11270895,58.80000091344118,58.80000091344118,None,0.0022653434,0.0675719,0.00026601067,1.0
5680000,0.023845272,389.0,0.1029813,-0.5999999716877937,-0.5999999716877937,None,0.00053872296,0.075602695,0.00026595383,1.0
5690000,0.02431902,None,0.10841303,None,None,None,6.478566e-05,0.073546514,0.0002658905,1.0
5700000,0.024829466,35063.0,0.11227053,41.60000065714121,41.60000065714121,None,0.0009227013,0.071736895,0.00026582717,1.0
5710000,0.022560662,272.0,0.11089423,-0.5999999716877937,-0.5999999716877937,None,0.0010780888,0.06442367,0.00026577027,1.0
5720000,0.022089062,2711.0,0.11162539,2.40000007301569,2.40000007301569,None,0.0009186636,0.069595516,0.00026571302,1.0
5730000,0.025557827,31660.0,0.11533402,36.300000600516796,36.300000600516796,None,0.00097611954,0.07401973,0.00026564958,1.0
5740000,0.024028435,None,0.118889175,None,None,None,5.329802e-05,0.06857236,0.0002655863,1.0
5750000,0.024536548,None,0.12060228,None,None,None,6.1979765e-05,0.06980254,0.0002655293,1.0
5760000,0.025697723,None,0.12031065,None,None,None,5.9251208e-05,0.07024258,0.00026547228,1.0
5770000,0.023963522,None,0.11930862,None,None,None,6.4946056e-05,0.071639895,0.00026540892,1.0
5780000,0.024473878,4330.0,0.11430245,4.400000102818012,4.400000102818012,None,0.0009820355,0.06571819,0.00026534568,1.0
5790000,0.022301251,50609.0,0.11315511,59.10000091791153,59.10000091791153,None,0.0012011973,0.06987642,0.0002652887,1.0
5800000,0.024582606,None,0.11294008,None,None,None,5.806227e-05,0.06995635,0.0002652317,1.0
5810000,0.023080543,None,0.11591024,None,None,None,6.367503e-05,0.066969894,0.00026516835,1.0
5820000,0.024867134,None,0.11633732,None,None,None,6.3977284e-05,0.06561127,0.00026511133,1.0
5830000,0.02288345,2316.0,0.11062077,1.700000062584877,1.700000062584877,None,0.0008259515,0.06924223,0.00026505443,1.0
5840000,0.023966843,6514.0,0.11124012,6.800000138580799,6.800000138580799,None,0.0009813259,0.05990538,0.0002649909,1.0
5850000,0.025469908,None,0.11661708,None,None,None,6.326473e-05,0.065926656,0.00026492728,1.0
5860000,0.023883767,8621.0,0.11711764,9.500000178813934,9.500000178813934,None,0.0012102711,0.073078156,0.00026487024,1.0
5870000,0.02528635,None,0.11895571,None,None,None,6.551144e-05,0.07541447,0.00026481325,1.0
5880000,0.026859667,None,0.1202435,None,None,None,5.54436e-05,0.06861722,0.0002647499,1.0
5890000,0.02438528,None,0.12267585,None,None,None,6.02861e-05,0.07195826,0.00026468653,1.0
5900000,0.024515066,None,0.11867357,None,None,None,5.8474892e-05,0.06327989,0.00026462952,1.0
5910000,0.023103967,16499.5,0.11328429,18.950000308454037,18.950000308454037,None,0.0019436509,0.07173399,0.00026457274,1.0
5920000,0.024713838,19093.0,0.1086885,22.00000036507845,22.00000036507845,None,0.0018974155,0.07146139,0.00026450973,1.0
5930000,0.024129163,None,0.11020373,None,None,None,6.040335e-05,0.06807675,0.00026444643,1.0
5940000,0.024263475,None,0.117458515,None,None,None,5.8829963e-05,0.07121031,0.00026438938,1.0
5950000,0.022226593,None,0.120396756,None,None,None,6.0148013e-05,0.06440443,0.00026433213,1.0
5960000,0.023679633,7714.0,0.12061506,8.200000159442425,8.200000159442425,None,0.0009851455,0.06342102,0.0002642683,1.0
5970000,0.022144176,None,0.114683695,None,None,None,5.4298835e-05,0.069613814,0.00026421138,1.0
5980000,0.024503585,None,0.11921911,None,None,None,6.4994696e-05,0.06934178,0.00026415414,1.0
5990000,0.02637867,None,0.1223732,None,None,None,6.281001e-05,0.06976417,0.00026409063,1.0
6000000,0.023441568,34057.0,0.1213178,40.60000064224005,40.60000064224005,None,0.000744525,0.07348318,0.0002640274,1.0
6010000,0.023614423,None,0.118235834,None,None,None,5.4648655e-05,0.06857222,0.00026397055,1.0
6020000,0.026319891,None,0.11771248,None,None,None,6.669581e-05,0.06765617,0.00026391353,1.0
6030000,0.025613435,41358.0,0.11294116,49.60000076517463,49.60000076517463,None,0.0015000765,0.07267971,0.00026385047,1.0
6040000,0.023981709,None,0.11336982,None,None,None,6.452339e-05,0.0656521,0.0002637874,1.0
6050000,0.02419869,8294.5,0.1201016,9.150000162422657,9.150000162422657,None,0.0013641717,0.058193166,0.00026373053,1.0
6060000,0.024094583,None,0.118202604,None,None,None,5.1299052e-05,0.0655027,0.00026367264,1.0
6070000,0.023694443,None,0.11787477,None,None,None,6.0046983e-05,0.06966616,0.00026360914,1.0
6080000,0.025636632,54530.0,0.11939241,64.5000009983778,64.5000009983778,None,0.00036091576,0.06630519,0.00026354584,1.0
6090000,0.022933004,None,0.11711373,None,None,None,6.4439366e-05,0.06787538,0.00026348874,1.0
6100000,0.023293583,20604.0,0.11727981,23.50000038743019,23.50000038743019,None,0.0010210054,0.07153644,0.00026343172,1.0
6110000,0.02440706,None,0.11659693,None,None,None,6.522157e-05,0.06659857,0.00026336836,1.0
6120000,0.025577718,None,0.11944992,None,None,None,6.4711756e-05,0.06471317,0.00026331135,1.0
6130000,0.024262005,None,0.11711458,None,None,None,6.899095e-05,0.06965413,0.00026325422,1.0
6140000,0.023576055,25488.5,0.1072728,30.20000048726797,30.20000048726797,None,0.001686962,0.07199037,0.0002631907,1.0
6150000,0.02432102,24999.5,0.10989424,29.300000473856926,29.300000473856926,None,0.0018532183,0.068594776,0.00026312738,1.0
6160000,0.024287213,None,0.11147543,None,None,None,5.8839476e-05,0.06654377,0.00026307016,1.0
6170000,0.022975286,2922.0,0.10850301,2.666666736205419,2.666666736205419,None,0.0016880169,0.07073585,0.00026301306,1.0
6180000,0.023390098,None,0.113275714,None,None,None,0.0004899941,0.06877663,0.00026295026,1.0
6190000,0.023027677,None,0.11654188,None,None,None,5.935033e-05,0.07062618,0.0002628869,1.0
6200000,0.023667691,None,0.120185465,None,None,None,6.077211e-05,0.06469065,0.00026282985,1.0
6210000,0.022029202,None,0.12219427,None,None,None,6.368719e-05,0.072041616,0.0002627726,1.0
6220000,0.02166301,16210.0,0.11972547,18.800000317394733,18.800000317394733,None,0.0009115402,0.06869817,0.0002627092,1.0
6230000,0.022548903,None,0.116137385,None,None,None,6.158048e-05,0.064496666,0.000262646,1.0
6240000,0.023351492,None,0.11806554,None,None,None,6.5992484e-05,0.07370625,0.000262589,1.0
6250000,0.022591118,None,0.116331905,None,None,None,6.581105e-05,0.068538725,0.00026253198,1.0
6260000,0.02231569,12830.333333333334,0.114409134,14.600000247359276,14.600000247359276,None,0.0026654643,0.068209864,0.0002624688,1.0
6270000,0.025944073,40308.0,0.108708106,47.100000739097595,47.100000739097595,None,0.0011894584,0.07186119,0.00026240584,1.0
6280000,0.023853837,None,0.1019956,None,None,None,6.1301216e-05,0.061255563,0.00026234894,1.0
6290000,0.023320988,None,0.11045997,None,None,None,6.395119e-05,0.067918666,0.00026229193,1.0
6300000,0.022515938,1919.0,0.114136845,1.3000000566244125,1.3000000566244125,None,0.0009939431,0.07341114,0.00026222854,1.0
6310000,0.023240233,None,0.11222058,None,None,None,5.7730053e-05,0.06406822,0.00026217144,1.0
6320000,0.025978265,None,0.11756998,None,None,None,6.393481e-05,0.06914824,0.00026211413,1.0
6330000,0.02236631,18970.0,0.116942436,21.800000339746475,21.800000339746475,None,0.0011294677,0.06845389,0.00026205083,1.0
6340000,0.025840351,None,0.115397945,None,None,None,5.9851947e-05,0.064224735,0.00026198762,1.0
6350000,0.023635935,None,0.11972514,None,None,None,6.554062e-05,0.070292935,0.00026193057,1.0
6360000,0.021633264,13926.0,0.113873065,15.650000270456076,15.650000270456076,None,0.0018808895,0.06673137,0.00026187304,1.0
6370000,0.023487631,3694.0,0.11205928,3.5500000901520252,3.5500000901520252,None,0.0015027188,0.07009381,0.00026180985,1.0
6380000,0.021264585,None,0.11087082,None,None,None,5.4260272e-05,0.0770555,0.00026174658,1.0
6390000,0.025287751,None,0.115462646,None,None,None,5.870282e-05,0.06828813,0.00026168927,1.0
6400000,0.023426116,3912.0,0.1166877,3.9000000953674316,3.9000000953674316,None,0.0006930605,0.06598592,0.00026163206,1.0
6410000,0.023660656,None,0.11939335,None,None,None,6.158291e-05,0.06861574,0.0002615684,1.0
6420000,0.02392058,None,0.119548686,None,None,None,6.318691e-05,0.06546554,0.00026151133,1.0
6430000,0.023955349,4256.0,0.11325993,4.400000102818012,4.400000102818012,None,0.0009418701,0.061321348,0.00026145444,1.0
6440000,0.024706593,None,0.11506177,None,None,None,6.289879e-05,0.069246866,0.00026139113,1.0
6450000,0.023577081,None,0.114604115,None,None,None,6.882367e-05,0.063734375,0.00026132778,1.0
6460000,0.025260504,None,0.11596584,None,None,None,6.693917e-05,0.07280252,0.00026127067,1.0
6470000,0.023587907,5393.0,0.11782605,5.550000119954348,5.550000119954348,None,0.001399373,0.06902857,0.00026121316,1.0
6480000,0.024739027,None,0.11904626,None,None,None,5.3467007e-05,0.06723698,0.00026114978,1.0
6490000,0.023925006,None,0.120226,None,None,None,6.624979e-05,0.07070793,0.00026108618,1.0
6500000,0.022524526,22163.0,0.11876772,25.30000039190054,25.30000039190054,None,0.0013564494,0.07603706,0.00026102914,1.0
6510000,0.024238756,None,0.117249034,None,None,None,5.5629993e-05,0.06944184,0.0002609719,1.0
6520000,0.023781503,None,0.11831725,None,None,None,6.340265e-05,0.07021578,0.0002609085,1.0
6530000,0.02204465,19203.0,0.1143016,22.20000036805868,22.20000036805868,None,0.00044153482,0.07386349,0.00026084544,1.0
6540000,0.025441224,None,0.12012071,None,None,None,6.3554166e-05,0.06260792,0.00026078848,1.0
6550000,0.02454728,None,0.11919811,None,None,None,6.295637e-05,0.07338787,0.00026073144,1.0
6560000,0.023414377,None,0.118006036,None,None,None,5.646561e-05,0.067774706,0.00026066808,1.0
6570000,0.024775274,None,0.118673176,None,None,None,6.1258914e-05,0.06629764,0.00026061106,1.0
6580000,0.02501029,27926.0,0.118452884,32.600000500679016,32.600000500679016,None,7.1114264e-05,0.06665681,0.00026055382,1.0
6590000,0.023992402,43049.5,0.10807215,50.750000793486834,50.750000793486834,None,0.0014038887,0.06992796,0.00026049052,1.0
6600000,0.023741493,33878.0,0.103176504,40.3000006377697,40.3000006377697,None,0.0017372674,0.06820291,0.0002604273,1.0
6610000,0.023585832,27091.0,0.10663351,31.600000508129597,31.600000508129597,None,0.0011155204,0.06589269,0.0002603705,1.0
6620000,0.025341693,None,0.111157134,None,None,None,6.999747e-05,0.06750892,0.0002603135,1.0
6630000,0.022923829,None,0.11368927,None,None,None,7.127707e-05,0.06838728,0.00026025015,1.0
6640000,0.024716925,2487.0,0.10900539,2.3000000715255737,2.3000000715255737,None,0.0009445253,0.07498537,0.0002601867,1.0
6650000,0.022080926,2419.0,0.10509838,2.3000000715255737,2.3000000715255737,None,0.001215699,0.07093123,0.0002601291,1.0
6660000,0.023471221,4975.0,0.106429935,4.900000110268593,4.900000110268593,None,0.0009584633,0.070058785,0.0002600718,1.0
6670000,0.024715018,2372.0,0.1091953,1.9000000655651093,1.9000000655651093,None,0.00049076544,0.06629716,0.00026000853,1.0
6680000,0.024406087,943.0,0.110625565,0.20000004023313522,0.20000004023313522,None,0.0009175514,0.06970734,0.0002599455,1.0
6690000,0.026115002,None,0.114032306,None,None,None,5.9823804e-05,0.06335207,0.00025988845,1.0
6700000,0.02394592,None,0.11578129,None,None,None,6.219759e-05,0.067681104,0.0002598311,1.0
6710000,0.025176637,None,0.11729119,None,None,None,6.81714e-05,0.06898922,0.00025976737,1.0
6720000,0.025740955,16148.0,0.11806382,18.15000030770898,18.15000030770898,None,0.0021686696,0.0676591,0.0002597104,1.0
6730000,0.024903178,50792.0,0.112284556,60.30000093579292,60.30000093579292,None,0.0010008732,0.06794011,0.00025965355,1.0
6740000,0.023161355,16941.0,0.115809076,19.300000324845314,19.300000324845314,None,0.0009739547,0.06849795,0.00025959028,1.0
6750000,0.024074977,None,0.11612322,None,None,None,5.5157703e-05,0.069414996,0.0002595266,1.0
6760000,0.026601903,None,0.11814056,None,None,None,6.610753e-05,0.07215206,0.00025946958,1.0
6770000,0.022691859,10911.0,0.11507578,12.300000220537186,12.300000220537186,None,0.00095517386,0.071823224,0.00025941193,1.0
6780000,0.023865493,41948.333333333336,0.11396326,49.6000007763505,49.6000007763505,None,0.0026835278,0.07138866,0.00025934898,1.0
6790000,0.021476878,3201.0,0.10834534,2.500000074505806,2.500000074505806,None,0.00026385995,0.065130346,0.00025928608,1.0
6800000,0.023734258,None,0.11574131,None,None,None,5.623247e-05,0.06631158,0.00025922904,1.0
6810000,0.022466915,None,0.11688626,None,None,None,6.3646425e-05,0.062828444,0.0002591716,1.0
6820000,0.02407987,None,0.118064664,None,None,None,6.428767e-05,0.06919565,0.00025910808,1.0
6830000,0.022773525,6772.0,0.115462914,7.1000001430511475,7.1000001430511475,None,0.0011926003,0.06960296,0.00025905107,1.0
6840000,0.02449022,None,0.1124764,None,None,None,5.6964498e-05,0.070972495,0.0002589941,1.0
6850000,0.02284807,30246.0,0.11225294,35.20000056177378,35.20000056177378,None,0.0009894038,0.06547515,0.0002589308,1.0
6860000,0.022997098,None,0.11315889,None,None,None,6.402646e-05,0.070000075,0.0002588675,1.0
6870000,0.023824777,6103.0,0.113849,6.200000129640102,6.200000129640102,None,0.001198984,0.074192174,0.0002588106,1.0
6880000,0.024334624,25774.0,0.11312212,30.300000488758087,30.300000488758087,None,6.1668514e-05,0.0718498,0.00025875354,1.0
6890000,0.023497473,None,0.11288802,None,None,None,0.0009635427,0.07156684,0.00025869007,1.0
6900000,0.026475124,25417.5,0.11278177,30.050000485032797,30.050000485032797,None,0.0018918656,0.06310091,0.0002586263,1.0
6910000,0.023839492,None,0.11301806,None,None,None,5.7212164e-05,0.063683406,0.0002585688,1.0
6920000,0.025328062,None,0.11490766,None,None,None,6.820423e-05,0.06508668,0.00025851178,1.0
6930000,0.024593918,15835.0,0.11498812,18.700000315904617,18.700000315904617,None,6.893968e-05,0.063915804,0.00025844842,1.0
6940000,0.025978863,None,0.11736811,None,None,None,0.0011547785,0.06791832,0.0002583916,1.0
6950000,0.026206125,10383.0,0.113888964,11.600000210106373,11.600000210106373,None,0.0008804857,0.0665004,0.00025833477,1.0
6960000,0.028888447,11449.0,0.11455259,12.100000195205212,12.100000195205212,None,6.253381e-05,0.06295281,0.00025827152,1.0
6970000,0.023269013,5399.0,0.113202654,5.600000120699406,5.600000120699406,None,0.0020247973,0.067762434,0.00025820787,1.0
6980000,0.02650047,45171.0,0.11483135,53.40000085532665,53.40000085532665,None,5.4236192e-05,0.066152476,0.00025815103,1.0
6990000,0.024654804,None,0.11037685,None,None,None,0.00096042885,0.067609146,0.00025809408,1.0
7000000,0.024629459,17710.0,0.11517511,19.90000033378601,19.90000033378601,None,0.0009775187,0.06912564,0.00025803052,1.0
7010000,0.024135057,None,0.11311985,None,None,None,4.9119357e-05,0.067330815,0.0002579666,1.0
7020000,0.027106239,4266.0,0.110984854,4.100000098347664,4.100000098347664,None,0.0012192088,0.07168779,0.00025790939,1.0
7030000,0.023658952,None,0.114093564,None,None,None,6.6705055e-05,0.06745883,0.0002578523,1.0
7040000,0.022928784,9000.0,0.115570605,10.300000190734863,10.300000190734863,None,0.00095304614,0.0705989,0.00025778863,1.0
7050000,0.02601348,None,0.1141158,None,None,None,5.2371306e-05,0.07211879,0.00025773136,1.0
7060000,0.023204524,16516.0,0.11917629,19.000000320374966,19.000000320374966,None,0.0004956465,0.06338339,0.00025767426,1.0
7070000,0.023954136,None,0.11852154,None,None,None,6.518593e-05,0.0677674,0.00025761063,1.0
7080000,0.025855675,None,0.119853385,None,None,None,6.494678e-05,0.06721546,0.0002575472,1.0
7090000,0.02307182,6487.0,0.11635191,7.1000001430511475,7.1000001430511475,None,0.0011641234,0.066652015,0.00025749035,1.0
7100000,0.02386075,None,0.118208736,None,None,None,6.295346e-05,0.06812105,0.0002574334,1.0
7110000,0.025778068,None,0.12142397,None,None,None,7.245578e-05,0.07022111,0.00025736974,1.0
7120000,0.023487106,None,0.119195975,None,None,None,6.3504864e-05,0.07134541,0.00025730612,1.0
7130000,0.023439653,9803.0,0.122530505,11.000000201165676,11.000000201165676,None,0.000995917,0.06996588,0.00025724908,1.0
7140000,0.024448575,18563.0,0.12335273,20.800000347197056,20.800000347197056,None,0.0004373106,0.07162538,0.0002571923,1.0
7150000,0.024375208,None,0.12213818,None,None,None,5.93347e-05,0.065820485,0.0002571289,1.0
7160000,0.022817006,17825.0,0.120868765,21.50000035762787,21.50000035762787,None,0.0012129071,0.06583238,0.00025707152,1.0
7170000,0.024147088,None,0.11894276,None,None,None,5.6153967e-05,0.06788967,0.00025701424,1.0
7180000,0.026796702,None,0.1217199,None,None,None,6.266504e-05,0.06908662,0.0002569508,1.0
7190000,0.025785018,14389.0,0.1221504,16.30000028014183,16.30000028014183,None,0.0009883195,0.070196174,0.00025688743,1.0
7200000,0.025267694,None,0.12083062,None,None,None,5.0608876e-05,0.067335196,0.00025683048,1.0
7210000,0.025186429,None,0.121309586,None,None,None,6.02913e-05,0.07560632,0.00025677346,1.0
7220000,0.02697129,None,0.12028605,None,None,None,6.0444778e-05,0.06928344,0.00025671002,1.0
7230000,0.023245215,28266.0,0.11674646,33.90000056475401,33.90000056475401,None,0.0009954448,0.070292555,0.00025664642,1.0
7240000,0.022843523,None,0.11392615,None,None,None,5.928194e-05,0.07052899,0.00025658944,1.0
7250000,0.024034608,12451.0,0.117614254,13.800000242888927,13.800000242888927,None,0.0009770734,0.06821431,0.0002565324,1.0
7260000,0.02625063,27158.0,0.113362126,31.400000505149364,31.400000505149364,None,0.00091080426,0.06749701,0.0002564686,1.0
7270000,0.02749367,None,0.11588707,None,None,None,4.7028658e-05,0.06513846,0.00025641138,1.0
7280000,0.021748945,14997.0,0.11581074,16.900000289082527,16.900000289082527,None,0.0009164492,0.06943424,0.00025635428,1.0
7290000,0.026547069,40245.0,0.112599194,47.50000074505806,47.50000074505806,None,0.0009830077,0.06640724,0.0002562908,1.0
7300000,0.023281533,None,0.11008911,None,None,None,5.986099e-05,0.067559645,0.00025622747,1.0
7310000,0.023818519,None,0.11420229,None,None,None,6.289235e-05,0.065913565,0.00025617034,1.0
7320000,0.024608843,7971.0,0.11718565,8.300000160932541,8.300000160932541,None,0.0009966063,0.06194081,0.0002561131,1.0
7330000,0.02617289,None,0.11534344,None,None,None,5.3072617e-05,0.06931628,0.00025604985,1.0
7340000,0.023685662,None,0.1164163,None,None,None,6.466331e-05,0.07284593,0.0002559865,1.0
7350000,0.023489116,7174.0,0.11598268,8.000000156462193,8.000000156462193,None,0.00069142395,0.06986749,0.00025592945,1.0
7360000,0.02453636,27332.5,0.114588864,32.35000051930547,32.35000051930547,None,0.0018674443,0.06418321,0.00025587197,1.0
7370000,0.02254159,29740.0,0.1041159,35.20000056177378,35.20000056177378,None,0.0011461554,0.06646177,0.00025580823,1.0
7380000,0.024371857,None,0.11186817,None,None,None,5.559399e-05,0.06967048,0.0002557513,1.0
7390000,0.025664993,8414.0,0.114518985,9.60000018030405,9.60000018030405,None,0.0009468591,0.07079718,0.00025569435,1.0
7400000,0.026315767,None,0.11759726,None,None,None,5.351712e-05,0.072022535,0.0002556311,1.0
7410000,0.022907916,None,0.11911596,None,None,None,6.668986e-05,0.06835769,0.00025556772,1.0
7420000,0.025197558,None,0.11849951,None,None,None,6.630633e-05,0.06429458,0.00025551073,1.0
7430000,0.023602992,None,0.11860992,None,None,None,6.74063e-05,0.067414425,0.0002554533,1.0
7440000,0.020854581,27127.0,0.113837585,32.30000051856041,32.30000051856041,None,0.0009200711,0.067091376,0.00025539,1.0
7450000,0.024922397,713.0,0.11092275,-0.19999996572732925,-0.19999996572732925,None,0.00073910883,0.06609982,0.00025532683,1.0
7460000,0.024348067,6323.0,0.11329056,6.600000135600567,6.600000135600567,None,6.775634e-05,0.064904496,0.00025526996,1.0
7470000,0.021891149,None,0.11025083,None,None,None,0.00095494476,0.06892109,0.000255213,1.0
7480000,0.025264658,None,0.11554578,None,None,None,7.3127754e-05,0.066053234,0.00025514924,1.0
7490000,0.021615865,None,0.11773826,None,None,None,7.278001e-05,0.06781751,0.0002550855,1.0
7500000,0.02318366,21766.5,0.10754652,25.30000041425228,25.30000041425228,None,0.0022902992,0.06467587,0.00025502822,1.0
7510000,0.021979496,23730.333333333332,0.10254261,27.36666711171468,27.36666711171468,None,0.0017919805,0.06494391,0.00025497115,1.0
7520000,0.023596467,None,0.102407396,None,None,None,0.0008962144,0.067631386,0.00025490823,1.0
7530000,0.023135217,31189.5,0.10295146,35.85000056028366,35.85000056028366,None,0.0018832475,0.06793932,0.00025485127,1.0
7540000,0.020744292,None,0.10393315,None,None,None,5.939084e-05,0.07026456,0.00025479431,1.0
7550000,0.023203285,None,0.11017758,None,None,None,6.465646e-05,0.07583037,0.00025473093,1.0
7560000,0.022533543,None,0.11477621,None,None,None,6.841848e-05,0.06677411,0.00025466757,1.0
7570000,0.021164551,11516.0,0.11538303,12.800000250339508,12.800000250339508,None,6.976833e-05,0.076313734,0.00025461038,1.0
7580000,0.022298485,30296.0,0.10394329,35.90000057220459,35.90000057220459,None,0.0018658513,0.067749485,0.0002545531,1.0
7590000,0.023206804,5644.0,0.11072895,6.00000012665987,6.00000012665987,None,0.00081576954,0.07221065,0.00025448983,1.0
7600000,0.022916902,None,0.11491938,None,None,None,6.845206e-05,0.061701275,0.00025442662,1.0
7610000,0.023014897,5022.0,0.11628025,5.000000111758709,5.000000111758709,None,0.0012195946,0.060036127,0.00025436972,1.0
7620000,0.023815524,None,0.11838844,None,None,None,6.5500295e-05,0.071836,0.00025431276,1.0
7630000,0.022071965,None,0.11720792,None,None,None,6.178804e-05,0.07245913,0.0002542494,1.0
7640000,0.021170411,7037.0,0.11410782,7.400000147521496,7.400000147521496,None,0.0010207302,0.070482545,0.00025418604,1.0
7650000,0.019986054,4498.0,0.1078369,4.300000101327896,4.300000101327896,None,0.0011082859,0.0651368,0.0002541289,1.0
7660000,0.020646676,None,0.11067402,None,None,None,6.749912e-05,0.06749291,0.0002540715,1.0
7670000,0.023326641,26269.0,0.11141306,29.95000048354268,29.95000048354268,None,0.0017472776,0.07184991,0.00025400816,1.0
7680000,0.023620848,10025.0,0.10847549,11.40000020712614,11.40000020712614,None,0.0012248214,0.07051138,0.00025395126,1.0
7690000,0.021923548,None,0.113350086,None,None,None,6.6758585e-05,0.06983822,0.00025389402,1.0
7700000,0.023266789,11403.5,0.117228426,12.70000022649765,12.70000022649765,None,0.0019148911,0.0683163,0.00025383057,1.0
7710000,0.023327423,3950.0,0.102277145,3.9000000953674316,3.9000000953674316,None,0.0009653719,0.0710043,0.00025376747,1.0
7720000,0.021738077,None,0.109674074,None,None,None,7.1362025e-05,0.06643461,0.00025371037,1.0
